time,current,voltage,dep_status
1663881481661655532,77.80000305175781,20.510000228881836,N/A
1663881481710891841,77.80000305175781,20.510000228881836,N/A
1663881481761224582,77.80000305175781,20.510000228881836,N/A
1663881481811108328,77.80000305175781,20.510000228881836,N/A
1663881481861253878,84.5999984741211,19.760000228881836,N/A
1663881481911532382,84.5999984741211,19.760000228881836,N/A
1663881481962034416,84.5999984741211,19.760000228881836,N/A
1663881481971545175,84.5999984741211,19.760000228881836,N/A
1663881482011984384,84.5999984741211,19.760000228881836,N/A
1663881482024217955,84.5999984741211,19.760000228881836,N/A
1663881482058450728,84.5999984741211,19.760000228881836,N/A
1663881482060483445,84.5999984741211,19.760000228881836,N/A
1663881482063262036,84.5999984741211,19.760000228881836,N/A
1663881482112433462,84.5999984741211,19.760000228881836,N/A
1663881482162597025,84.5999984741211,19.760000228881836,N/A
1663881482212990922,84.80000305175781,19.299999237060547,N/A
1663881482263485240,84.80000305175781,19.299999237060547,N/A
1663881482313543223,84.80000305175781,19.299999237060547,N/A
1663881482363488261,84.80000305175781,20.06999969482422,N/A
1663881482414071720,85.30000305175781,20.06999969482422,N/A
1663881482464437371,85.30000305175781,20.06999969482422,N/A
1663881482514514955,85.30000305175781,20.06999969482422,N/A
1663881482565129905,85.30000305175781,20.06999969482422,N/A
1663881482614247418,85.0,20.06999969482422,N/A
1663881482621845081,85.0,20.06999969482422,N/A
1663881482664476385,85.0,19.68000030517578,N/A
1663881482715034854,85.0,19.68000030517578,N/A
1663881482765755652,85.0,19.68000030517578,N/A
1663881482815446363,85.0,19.68000030517578,N/A
1663881482865776284,85.0,19.239999771118164,N/A
1663881482915891590,82.80000305175781,19.239999771118164,N/A
1663881482966646849,82.80000305175781,19.239999771118164,N/A
1663881482975567778,82.80000305175781,19.239999771118164,N/A
1663881483016393382,82.80000305175781,19.239999771118164,N/A
1663881483028330367,82.80000305175781,19.239999771118164,N/A
1663881483063168712,82.80000305175781,19.239999771118164,N/A
1663881483065366206,82.80000305175781,19.239999771118164,N/A
1663881483067277874,82.80000305175781,19.239999771118164,N/A
1663881483116254377,82.80000305175781,19.520000457763672,N/A
1663881483166930161,82.80000305175781,19.520000457763672,N/A
1663881483216955191,79.5999984741211,19.520000457763672,N/A
1663881483266783748,79.5999984741211,19.520000457763672,N/A
1663881483317703197,79.5999984741211,19.520000457763672,N/A
1663881483371024199,79.5999984741211,18.729999542236328,N/A
1663881483419152370,95.19999694824219,18.729999542236328,N/A
1663881483469616997,95.19999694824219,18.729999542236328,N/A
1663881483520041109,95.19999694824219,18.729999542236328,N/A
1663881483570688225,95.19999694824219,18.729999542236328,N/A
1663881483621105993,95.19999694824219,18.729999542236328,N/A
1663881483629249343,95.19999694824219,18.729999542236328,N/A
1663881483670123182,95.19999694824219,18.729999542236328,N/A
1663881483719091381,95.19999694824219,18.729999542236328,N/A
1663881483769742094,95.19999694824219,18.729999542236328,N/A
1663881483819861378,95.19999694824219,18.729999542236328,N/A
1663881483869812322,95.19999694824219,18.729999542236328,N/A
1663881483920017002,95.19999694824219,18.729999542236328,N/A
1663881483970031902,95.19999694824219,18.729999542236328,N/A
1663881483979030933,95.19999694824219,18.729999542236328,N/A
1663881484020149144,95.19999694824219,18.729999542236328,N/A
1663881484032511852,95.19999694824219,18.729999542236328,N/A
1663881484066578357,95.19999694824219,18.729999542236328,N/A
1663881484068175872,95.19999694824219,18.729999542236328,N/A
1663881484070436099,95.19999694824219,18.729999542236328,N/A
1663881484121112240,95.19999694824219,18.729999542236328,N/A
1663881484170642794,95.19999694824219,18.729999542236328,N/A
1663881484220641651,95.19999694824219,18.729999542236328,N/A
1663881484271045551,95.19999694824219,18.729999542236328,N/A
1663881484321155820,95.19999694824219,18.729999542236328,N/A
1663881484371744317,95.19999694824219,18.729999542236328,N/A
1663881484421867799,95.19999694824219,18.729999542236328,N/A
1663881484472145732,95.19999694824219,18.729999542236328,N/A
1663881484521978707,95.19999694824219,18.729999542236328,N/A
1663881484572630879,95.19999694824219,18.729999542236328,N/A
1663881484622228156,95.19999694824219,18.729999542236328,N/A
1663881484629498286,95.19999694824219,18.729999542236328,N/A
1663881484672440225,95.19999694824219,18.729999542236328,N/A
1663881484723089735,95.19999694824219,18.729999542236328,N/A
1663881484773080787,95.19999694824219,18.729999542236328,N/A
1663881484823184157,95.19999694824219,18.729999542236328,N/A
1663881484873557275,95.19999694824219,18.729999542236328,N/A
1663881484923583530,95.19999694824219,18.729999542236328,N/A
1663881484974354516,95.19999694824219,18.729999542236328,N/A
1663881484982996748,95.19999694824219,18.729999542236328,N/A
1663881485023821484,95.19999694824219,18.729999542236328,N/A
1663881485036365358,95.19999694824219,18.729999542236328,N/A
1663881485069996800,95.19999694824219,18.729999542236328,N/A
1663881485072036228,95.19999694824219,18.729999542236328,N/A
1663881485074452579,95.19999694824219,18.729999542236328,N/A
1663881485124545066,95.19999694824219,18.729999542236328,N/A
1663881485174514519,95.19999694824219,18.729999542236328,N/A
1663881485224541948,95.19999694824219,18.729999542236328,N/A
1663881485275435259,95.19999694824219,18.729999542236328,N/A
1663881485325439203,95.19999694824219,18.729999542236328,N/A
1663881485375704455,95.19999694824219,18.729999542236328,N/A
1663881485425236997,95.19999694824219,18.729999542236328,N/A
1663881485476083253,95.19999694824219,18.729999542236328,N/A
1663881485525698284,95.19999694824219,18.729999542236328,N/A
1663881485577278622,95.19999694824219,18.729999542236328,N/A
1663881485626370022,95.19999694824219,18.729999542236328,N/A
1663881485633565436,95.19999694824219,18.729999542236328,N/A
1663881485676854285,95.19999694824219,18.729999542236328,N/A
1663881485726868454,95.19999694824219,18.729999542236328,N/A
1663881485777114996,95.19999694824219,18.729999542236328,N/A
1663881485827285899,95.19999694824219,18.729999542236328,N/A
1663881485877604443,95.19999694824219,18.729999542236328,N/A
1663881485927463246,95.19999694824219,18.729999542236328,N/A
1663881485977934666,95.19999694824219,18.729999542236328,N/A
1663881485987041602,95.19999694824219,18.729999542236328,N/A
1663881486027810913,95.19999694824219,18.729999542236328,N/A
1663881486039970980,95.19999694824219,18.729999542236328,N/A
1663881486074415303,95.19999694824219,18.729999542236328,N/A
1663881486076365432,95.19999694824219,18.729999542236328,N/A
1663881486078901397,95.19999694824219,18.729999542236328,N/A
1663881486128438672,95.19999694824219,18.729999542236328,N/A
1663881486179139698,95.19999694824219,18.729999542236328,N/A
1663881486228558205,95.19999694824219,18.729999542236328,N/A
1663881486278885898,95.19999694824219,18.729999542236328,N/A
1663881486328817172,95.19999694824219,18.729999542236328,N/A
1663881486380474689,95.19999694824219,18.729999542236328,N/A
1663881486429259624,95.19999694824219,18.729999542236328,N/A
1663881486479858301,95.19999694824219,18.729999542236328,N/A
1663881486529782395,95.19999694824219,18.729999542236328,N/A
1663881486580499455,95.19999694824219,18.729999542236328,N/A
1663881486630150575,95.19999694824219,18.729999542236328,N/A
1663881486637417185,95.19999694824219,18.729999542236328,N/A
1663881486680253078,95.19999694824219,18.729999542236328,N/A
1663881486730754748,95.19999694824219,18.729999542236328,N/A
1663881486781072321,95.19999694824219,18.729999542236328,N/A
1663881486830944515,95.19999694824219,18.729999542236328,N/A
1663881486882355753,95.19999694824219,18.729999542236328,N/A
1663881486931051777,95.19999694824219,18.729999542236328,N/A
1663881486981343808,95.19999694824219,18.729999542236328,N/A
1663881486990655333,95.19999694824219,18.729999542236328,N/A
1663881487032100149,95.19999694824219,18.729999542236328,N/A
1663881487043902304,95.19999694824219,18.729999542236328,N/A
1663881487079130941,95.19999694824219,18.729999542236328,N/A
1663881487081357333,95.19999694824219,18.729999542236328,N/A
1663881487083427316,95.19999694824219,18.729999542236328,N/A
1663881487132056519,95.19999694824219,18.729999542236328,N/A
1663881487182544267,95.19999694824219,18.729999542236328,N/A
1663881487232899535,95.19999694824219,18.729999542236328,N/A
1663881487282858200,95.19999694824219,18.729999542236328,N/A
1663881487332883386,95.19999694824219,18.729999542236328,N/A
1663881487383095400,95.19999694824219,18.729999542236328,N/A
1663881487433555557,95.19999694824219,18.729999542236328,N/A
1663881487483813146,95.19999694824219,18.729999542236328,N/A
1663881487533873527,95.19999694824219,18.729999542236328,N/A
1663881487586020163,95.19999694824219,18.729999542236328,N/A
1663881487634419125,95.19999694824219,18.729999542236328,N/A
1663881487641622268,95.19999694824219,18.729999542236328,N/A
1663881487685562822,95.19999694824219,18.729999542236328,N/A
1663881487734980709,95.19999694824219,18.729999542236328,N/A
1663881487784821506,95.19999694824219,18.729999542236328,N/A
1663881487834828515,95.19999694824219,18.729999542236328,N/A
1663881487885407543,95.19999694824219,18.729999542236328,N/A
1663881487935540212,95.19999694824219,18.729999542236328,N/A
1663881487986941822,95.19999694824219,18.729999542236328,N/A
1663881487994982839,95.19999694824219,18.729999542236328,N/A
1663881488036125630,95.19999694824219,18.729999542236328,N/A
1663881488047993504,95.19999694824219,18.729999542236328,N/A
1663881488081586899,95.19999694824219,18.729999542236328,N/A
1663881488083332454,95.19999694824219,18.729999542236328,N/A
1663881488086224269,95.19999694824219,18.729999542236328,N/A
1663881488136297531,95.19999694824219,18.729999542236328,N/A
1663881488186279384,95.19999694824219,18.729999542236328,N/A
1663881488236366277,95.19999694824219,18.729999542236328,N/A
1663881488287277330,95.19999694824219,18.729999542236328,N/A
1663881488336675584,95.19999694824219,18.729999542236328,N/A
1663881488387251326,95.19999694824219,18.729999542236328,N/A
1663881488437359468,95.19999694824219,18.729999542236328,N/A
1663881488487269268,95.19999694824219,18.729999542236328,N/A
1663881488537552513,95.19999694824219,18.729999542236328,N/A
1663881488588419994,95.19999694824219,18.729999542236328,N/A
1663881488637945219,95.19999694824219,18.729999542236328,N/A
1663881488645413533,95.19999694824219,18.729999542236328,N/A
1663881488688471067,95.19999694824219,18.729999542236328,N/A
1663881488738542822,95.19999694824219,18.729999542236328,N/A
1663881488788697551,95.19999694824219,18.729999542236328,N/A
1663881488838895006,95.19999694824219,18.729999542236328,N/A
1663881488889147834,95.19999694824219,18.729999542236328,N/A
1663881488939563113,95.19999694824219,18.729999542236328,N/A
1663881488989244590,95.19999694824219,18.729999542236328,N/A
1663881488998823631,95.19999694824219,18.729999542236328,N/A
1663881489039440493,95.19999694824219,18.729999542236328,N/A
1663881489052175211,95.19999694824219,18.729999542236328,N/A
1663881489086054544,95.19999694824219,18.729999542236328,N/A
1663881489088168091,95.19999694824219,18.729999542236328,N/A
1663881489090370745,95.19999694824219,18.729999542236328,N/A
1663881489139911704,95.19999694824219,18.729999542236328,N/A
1663881489189987185,95.19999694824219,18.729999542236328,N/A
1663881489240404008,95.19999694824219,18.729999542236328,N/A
1663881489290751217,95.19999694824219,18.729999542236328,N/A
1663881489340744525,95.19999694824219,18.729999542236328,N/A
1663881489391225074,95.19999694824219,18.729999542236328,N/A
1663881489441547775,95.19999694824219,18.729999542236328,N/A
1663881489491632288,95.19999694824219,18.729999542236328,N/A
1663881489541600181,95.19999694824219,18.729999542236328,N/A
1663881489592031531,95.19999694824219,18.729999542236328,N/A
1663881489642486946,95.19999694824219,18.729999542236328,N/A
1663881489648807533,95.19999694824219,18.729999542236328,N/A
1663881489692085069,95.19999694824219,18.729999542236328,N/A
1663881489742336214,95.19999694824219,18.729999542236328,N/A
1663881489792457500,95.19999694824219,18.729999542236328,N/A
1663881489842412023,95.19999694824219,18.729999542236328,N/A
1663881489892876718,95.19999694824219,18.729999542236328,N/A
1663881489942764086,95.19999694824219,18.729999542236328,N/A
1663881489993186010,95.19999694824219,18.729999542236328,N/A
1663881490002566593,95.19999694824219,18.729999542236328,N/A
1663881490043247379,95.19999694824219,18.729999542236328,N/A
1663881490055732070,95.19999694824219,18.729999542236328,N/A
1663881490089841908,95.19999694824219,18.729999542236328,N/A
1663881490092049440,95.19999694824219,18.729999542236328,N/A
1663881490094880715,95.19999694824219,18.729999542236328,N/A
1663881490144168956,95.19999694824219,18.729999542236328,N/A
1663881490193964238,95.19999694824219,18.729999542236328,N/A
1663881490243934305,95.19999694824219,18.729999542236328,N/A
1663881490294545186,95.19999694824219,18.729999542236328,N/A
1663881490344834438,95.19999694824219,18.729999542236328,N/A
1663881490394658493,95.19999694824219,18.729999542236328,N/A
1663881490444949903,95.19999694824219,18.729999542236328,N/A
1663881490495456665,95.19999694824219,18.729999542236328,N/A
1663881490545136353,95.19999694824219,18.729999542236328,N/A
1663881490596221909,95.19999694824219,18.729999542236328,N/A
1663881490646182079,95.19999694824219,18.729999542236328,N/A
1663881490653786234,95.19999694824219,18.729999542236328,N/A
1663881490695971363,95.19999694824219,18.729999542236328,N/A
1663881490746574045,95.19999694824219,18.729999542236328,N/A
1663881490796477814,95.19999694824219,18.729999542236328,N/A
1663881490846451291,95.19999694824219,18.729999542236328,N/A
1663881490897089541,95.19999694824219,18.729999542236328,N/A
1663881490946997065,95.19999694824219,18.729999542236328,N/A
1663881490997057354,95.19999694824219,18.729999542236328,N/A
1663881491006443027,95.19999694824219,18.729999542236328,N/A
1663881491047465953,95.19999694824219,18.729999542236328,N/A
1663881491059313065,95.19999694824219,18.729999542236328,N/A
1663881491093437997,95.19999694824219,18.729999542236328,N/A
1663881491095736281,95.19999694824219,18.729999542236328,N/A
1663881491098010261,95.19999694824219,18.729999542236328,N/A
1663881491148056885,95.19999694824219,18.729999542236328,N/A
1663881491198203935,95.19999694824219,18.729999542236328,N/A
1663881491247833385,95.19999694824219,18.729999542236328,N/A
1663881491298685395,95.19999694824219,18.729999542236328,N/A
1663881491348415836,95.19999694824219,18.729999542236328,N/A
1663881491398723110,95.19999694824219,18.729999542236328,N/A
1663881491448758138,95.19999694824219,18.729999542236328,N/A
1663881491499027856,95.19999694824219,18.729999542236328,N/A
1663881491549088052,95.19999694824219,18.729999542236328,N/A
1663881491600078917,95.19999694824219,18.729999542236328,N/A
1663881491649894716,95.19999694824219,18.729999542236328,N/A
1663881491656852967,95.19999694824219,18.729999542236328,N/A
1663881491700042922,95.19999694824219,18.729999542236328,N/A
1663881491750018321,95.19999694824219,18.729999542236328,N/A
1663881491800221585,95.19999694824219,18.729999542236328,N/A
1663881491850515540,95.19999694824219,18.729999542236328,N/A
1663881491900794993,95.19999694824219,18.729999542236328,N/A
1663881491950965992,95.19999694824219,18.729999542236328,N/A
1663881492000799745,95.19999694824219,18.729999542236328,N/A
1663881492010387189,95.19999694824219,18.729999542236328,N/A
1663881492051696102,95.19999694824219,18.729999542236328,N/A
1663881492063559868,95.19999694824219,18.729999542236328,N/A
1663881492097939638,95.19999694824219,18.729999542236328,N/A
1663881492100749261,95.19999694824219,18.729999542236328,N/A
1663881492102817354,95.19999694824219,18.729999542236328,N/A
1663881492151448981,95.19999694824219,18.729999542236328,N/A
1663881492202120704,95.19999694824219,18.729999542236328,N/A
1663881492252132903,95.19999694824219,18.729999542236328,N/A
1663881492302087602,95.19999694824219,18.729999542236328,N/A
1663881492352859287,95.19999694824219,18.729999542236328,N/A
1663881492402464316,95.19999694824219,18.729999542236328,N/A
1663881492453037955,95.19999694824219,18.729999542236328,N/A
1663881492502901170,95.19999694824219,18.729999542236328,N/A
1663881492553187031,95.19999694824219,18.729999542236328,N/A
1663881492604167989,95.19999694824219,18.729999542236328,N/A
1663881492653865279,95.19999694824219,18.729999542236328,N/A
1663881492660728209,95.19999694824219,18.729999542236328,N/A
1663881492704285541,95.19999694824219,18.729999542236328,N/A
1663881492753824661,95.19999694824219,18.729999542236328,N/A
1663881492803940525,95.19999694824219,18.729999542236328,N/A
1663881492854152807,95.19999694824219,18.729999542236328,N/A
1663881492904707040,95.19999694824219,18.729999542236328,N/A
1663881492955013012,95.19999694824219,18.729999542236328,N/A
1663881493005182120,95.19999694824219,18.729999542236328,N/A
1663881493014151269,95.19999694824219,18.729999542236328,N/A
1663881493055829094,95.19999694824219,18.729999542236328,N/A
1663881493067084175,95.19999694824219,18.729999542236328,N/A
1663881493101267669,95.19999694824219,18.729999542236328,N/A
1663881493103229566,95.19999694824219,18.729999542236328,N/A
1663881493105863324,95.19999694824219,18.729999542236328,N/A
1663881493155626270,95.19999694824219,18.729999542236328,N/A
1663881493205947582,95.19999694824219,18.729999542236328,N/A
1663881493256158918,95.19999694824219,18.729999542236328,N/A
1663881493306522691,95.19999694824219,18.729999542236328,N/A
1663881493356304156,95.19999694824219,18.729999542236328,N/A
1663881493406465799,95.19999694824219,18.729999542236328,N/A
1663881493457240346,95.19999694824219,18.729999542236328,N/A
1663881493507067597,95.19999694824219,18.729999542236328,N/A
1663881493557570692,95.19999694824219,18.729999542236328,N/A
1663881493607480560,95.19999694824219,18.729999542236328,N/A
1663881493657573233,95.19999694824219,18.729999542236328,N/A
1663881493664975295,95.19999694824219,18.729999542236328,N/A
1663881493707548395,95.19999694824219,18.729999542236328,N/A
1663881493757881181,95.19999694824219,18.729999542236328,N/A
1663881493807925602,95.19999694824219,18.729999542236328,N/A
1663881493858527525,95.19999694824219,18.729999542236328,N/A
1663881493908664051,95.19999694824219,18.729999542236328,N/A
1663881493958894475,95.19999694824219,18.729999542236328,N/A
1663881494009209752,95.19999694824219,18.729999542236328,N/A
1663881494018247326,95.19999694824219,18.729999542236328,N/A
1663881494060067997,95.19999694824219,18.729999542236328,N/A
1663881494071831671,95.19999694824219,18.729999542236328,N/A
1663881494105563829,95.19999694824219,18.729999542236328,N/A
1663881494107746854,95.19999694824219,18.729999542236328,N/A
1663881494110632267,95.19999694824219,18.729999542236328,N/A
1663881494159745423,95.19999694824219,0.0,N/A
1663881494209667764,0.0,0.0,N/A
1663881494260259955,0.0,11.270000457763672,N/A
1663881494310059010,0.0,11.270000457763672,N/A
1663881494362907808,0.0,0.0,N/A
1663881494410368907,0.0,0.0,N/A
1663881494461046534,0.0,0.0,N/A
1663881494510747705,0.0,0.0,N/A
1663881494561525754,0.0,0.0,N/A
1663881494612035333,0.0,42.349998474121094,N/A
1663881494661517061,62.099998474121094,42.349998474121094,N/A
1663881494668779251,62.099998474121094,42.349998474121094,N/A
1663881494711829689,62.099998474121094,42.349998474121094,N/A
1663881494762533540,62.099998474121094,42.349998474121094,N/A
1663881494812329982,62.099998474121094,42.349998474121094,N/A
1663881494862443961,101.4000015258789,18.940000534057617,N/A
1663881494912845379,101.4000015258789,18.940000534057617,N/A
1663881494963783073,101.4000015258789,18.940000534057617,N/A
1663881495014194691,101.4000015258789,18.940000534057617,N/A
1663881495021864196,101.4000015258789,18.940000534057617,N/A
1663881495063502536,101.4000015258789,18.940000534057617,N/A
1663881495076049496,101.4000015258789,18.940000534057617,N/A
1663881495109638283,101.4000015258789,18.940000534057617,N/A
1663881495111435679,101.4000015258789,18.940000534057617,N/A
1663881495113582183,101.4000015258789,18.940000534057617,N/A
1663881495163864690,101.4000015258789,17.489999771118164,N/A
1663881495213717635,101.4000015258789,17.489999771118164,N/A
1663881495264525872,104.19999694824219,17.489999771118164,N/A
1663881495314226559,104.19999694824219,17.489999771118164,N/A
1663881495364620587,99.0,15.970000267028809,N/A
1663881495414593108,99.0,15.970000267028809,N/A
1663881495464814257,99.0,15.970000267028809,N/A
1663881495515386181,99.0,15.970000267028809,N/A
1663881495565026345,99.0,15.970000267028809,N/A
1663881495615462872,99.0,15.970000267028809,N/A
1663881495665847147,99.0,18.790000915527344,N/A
1663881495673795161,99.0,18.790000915527344,N/A
1663881495715861646,99.0,18.790000915527344,N/A
1663881495765628983,100.0999984741211,18.790000915527344,N/A
1663881495816173280,100.0999984741211,18.790000915527344,N/A
1663881495866233804,94.80000305175781,19.969999313354492,N/A
1663881495916633900,94.80000305175781,19.969999313354492,N/A
1663881495967107195,94.80000305175781,19.969999313354492,N/A
1663881496017209232,94.80000305175781,19.969999313354492,N/A
1663881496026125513,94.80000305175781,19.969999313354492,N/A
1663881496067653526,94.80000305175781,19.969999313354492,N/A
1663881496079257643,94.80000305175781,19.969999313354492,N/A
1663881496113630743,94.80000305175781,18.799999237060547,N/A
1663881496115426511,94.80000305175781,18.799999237060547,N/A
1663881496117385060,94.80000305175781,18.799999237060547,N/A
1663881496167649390,114.19999694824219,18.799999237060547,N/A
1663881496217828343,114.19999694824219,18.799999237060547,N/A
1663881496268227624,114.19999694824219,18.799999237060547,N/A
1663881496318245462,114.19999694824219,18.799999237060547,N/A
1663881496368031780,79.0,21.75,N/A
1663881496418736834,79.0,21.75,N/A
1663881496468619265,79.0,21.75,N/A
1663881496518697622,79.0,21.75,N/A
1663881496569023577,79.0,21.75,N/A
1663881496619501524,79.0,21.75,N/A
1663881496669566861,79.0,18.15999984741211,N/A
1663881496676474305,79.0,18.15999984741211,N/A
1663881496720268585,79.0,18.15999984741211,N/A
1663881496769891624,89.5,18.15999984741211,N/A
1663881496820592843,89.5,18.15999984741211,N/A
1663881496870087950,105.5999984741211,17.959999084472656,N/A
1663881496921272881,105.5999984741211,17.959999084472656,N/A
1663881496970704034,105.5999984741211,17.959999084472656,N/A
1663881497020819398,105.5999984741211,17.959999084472656,N/A
1663881497030157824,105.5999984741211,17.959999084472656,N/A
1663881497070978055,105.5999984741211,17.959999084472656,N/A
1663881497083988462,105.5999984741211,17.959999084472656,N/A
1663881497117689482,105.5999984741211,17.959999084472656,N/A
1663881497119532799,105.5999984741211,17.959999084472656,N/A
1663881497121179056,105.5999984741211,17.959999084472656,N/A
1663881497171776447,105.5999984741211,17.719999313354492,N/A
1663881497221322868,87.4000015258789,17.719999313354492,N/A
1663881497271587951,87.4000015258789,17.719999313354492,N/A
1663881497322276658,87.4000015258789,17.719999313354492,N/A
1663881497372528869,93.0999984741211,15.6899995803833,N/A
1663881497422033129,93.0999984741211,15.6899995803833,N/A
1663881497472836818,93.0999984741211,15.6899995803833,N/A
1663881497522925654,93.0999984741211,15.6899995803833,N/A
1663881497572588103,93.0999984741211,15.6899995803833,N/A
1663881497623642272,95.5999984741211,15.6899995803833,N/A
1663881497673442225,95.5999984741211,15.6899995803833,N/A
1663881497680802929,95.5999984741211,15.6899995803833,N/A
1663881497723626718,95.5999984741211,18.1200008392334,N/A
1663881497774662122,95.5999984741211,18.1200008392334,N/A
1663881497824303972,95.5999984741211,18.1200008392334,N/A
1663881497874542578,83.5,21.040000915527344,N/A
1663881497924255578,83.5,21.040000915527344,N/A
1663881497974659938,83.5,21.040000915527344,N/A
1663881498024779792,83.5,21.040000915527344,N/A
1663881498033789405,83.5,21.040000915527344,N/A
1663881498074862501,83.5,21.040000915527344,N/A
1663881498087092907,83.5,21.040000915527344,N/A
1663881498120919123,82.0999984741211,19.6299991607666,N/A
1663881498122765517,82.0999984741211,19.6299991607666,N/A
1663881498125274261,82.0999984741211,19.6299991607666,N/A
1663881498175772158,82.0999984741211,19.6299991607666,N/A
1663881498225888715,82.0999984741211,19.6299991607666,N/A
1663881498275812822,82.0999984741211,19.6299991607666,N/A
1663881498325868840,82.0999984741211,19.6299991607666,N/A
1663881498376106285,93.30000305175781,19.06999969482422,N/A
1663881498425990408,93.30000305175781,19.06999969482422,N/A
1663881498477321188,93.30000305175781,19.06999969482422,N/A
1663881498526953769,93.30000305175781,19.06999969482422,N/A
1663881498577427943,93.30000305175781,19.06999969482422,N/A
1663881498627017211,93.30000305175781,19.06999969482422,N/A
1663881498677483318,93.30000305175781,19.06999969482422,N/A
1663881498684709202,93.30000305175781,19.06999969482422,N/A
1663881498729795870,88.5999984741211,19.06999969482422,N/A
1663881498777802108,88.5999984741211,19.06999969482422,N/A
1663881498827619987,88.5999984741211,19.06999969482422,N/A
1663881498880564287,88.5999984741211,18.1200008392334,N/A
1663881498928275129,87.69999694824219,18.1200008392334,N/A
1663881498978129354,87.69999694824219,18.1200008392334,N/A
1663881499028403389,87.69999694824219,18.1200008392334,N/A
1663881499037694369,87.69999694824219,18.1200008392334,N/A
1663881499079021401,87.69999694824219,18.1200008392334,N/A
1663881499091057010,87.69999694824219,18.1200008392334,N/A
1663881499125105553,87.69999694824219,18.1200008392334,N/A
1663881499126368991,87.69999694824219,18.1200008392334,N/A
1663881499129384315,87.69999694824219,18.1200008392334,N/A
1663881499179491264,81.80000305175781,18.1200008392334,N/A
1663881499229287198,81.80000305175781,20.299999237060547,N/A
1663881499279818805,81.80000305175781,20.299999237060547,N/A
1663881499329852089,81.80000305175781,20.299999237060547,N/A
1663881499385514842,82.80000305175781,20.190000534057617,N/A
1663881499430391230,82.80000305175781,20.190000534057617,N/A
1663881499480278351,82.80000305175781,20.190000534057617,N/A
1663881499530280796,82.80000305175781,20.190000534057617,N/A
1663881499581145187,82.80000305175781,20.190000534057617,N/A
1663881499631180322,95.80000305175781,20.190000534057617,N/A
1663881499681660897,95.80000305175781,20.190000534057617,N/A
1663881499688770956,95.80000305175781,20.190000534057617,N/A
1663881499731580347,95.80000305175781,15.779999732971191,N/A
1663881499782113373,95.80000305175781,15.779999732971191,N/A
1663881499832180458,95.80000305175781,15.779999732971191,N/A
1663881499882166178,95.80000305175781,16.329999923706055,N/A
1663881499932606745,84.19999694824219,16.329999923706055,N/A
1663881499983068192,84.19999694824219,16.329999923706055,N/A
1663881500032909036,84.19999694824219,16.329999923706055,N/A
1663881500041816759,84.19999694824219,16.329999923706055,N/A
1663881500083067825,84.19999694824219,16.329999923706055,N/A
1663881500095100822,84.19999694824219,16.329999923706055,N/A
1663881500128968660,84.19999694824219,15.350000381469727,N/A
1663881500130563946,84.19999694824219,15.350000381469727,N/A
1663881500133291929,84.19999694824219,15.350000381469727,N/A
1663881500183318965,85.30000305175781,15.350000381469727,N/A
1663881500233821789,85.30000305175781,15.350000381469727,N/A
1663881500283779660,85.30000305175781,15.350000381469727,N/A
1663881500334361315,85.30000305175781,15.350000381469727,N/A
1663881500384477682,96.0,15.5,N/A
1663881500434403132,96.0,15.5,N/A
1663881500484966404,96.0,15.5,N/A
1663881500534747958,96.0,15.5,N/A
1663881500585920172,96.0,15.5,N/A
1663881500635472499,96.0,15.5,N/A
1663881500686112859,96.0,15.289999961853027,N/A
1663881500692604681,96.0,15.289999961853027,N/A
1663881500735669813,96.0,15.289999961853027,N/A
1663881500786323606,85.0,15.289999961853027,N/A
1663881500836308601,85.0,15.289999961853027,N/A
1663881500886098112,85.0,16.940000534057617,N/A
1663881500936713827,90.0999984741211,16.940000534057617,N/A
1663881500988029919,90.0999984741211,16.940000534057617,N/A
1663881501036767814,90.0999984741211,16.940000534057617,N/A
1663881501045768743,90.0999984741211,16.940000534057617,N/A
1663881501087287521,90.0999984741211,16.940000534057617,N/A
1663881501099823249,90.0999984741211,16.940000534057617,N/A
1663881501133497954,90.0999984741211,16.940000534057617,N/A
1663881501135703244,90.0999984741211,16.940000534057617,N/A
1663881501137640378,90.0999984741211,16.940000534057617,N/A
1663881501187512277,85.19999694824219,18.889999389648438,N/A
1663881501237508397,85.19999694824219,18.889999389648438,N/A
1663881501288479303,85.19999694824219,18.889999389648438,N/A
1663881501338645958,85.19999694824219,18.889999389648438,N/A
1663881501388580477,88.30000305175781,19.0,N/A
1663881501438405820,88.30000305175781,19.0,N/A
1663881501488849849,88.30000305175781,19.0,N/A
1663881501538948737,88.30000305175781,19.0,N/A
1663881501589028732,88.30000305175781,19.0,N/A
1663881501639635060,88.30000305175781,19.0,N/A
1663881501689544808,98.0,19.059999465942383,N/A
1663881501697019140,98.0,19.059999465942383,N/A
1663881501739435362,98.0,19.059999465942383,N/A
1663881501789983751,98.0,19.059999465942383,N/A
1663881501839750538,98.0,19.059999465942383,N/A
1663881501890231939,99.30000305175781,18.56999969482422,N/A
1663881501940538987,99.30000305175781,18.56999969482422,N/A
1663881501991043512,99.30000305175781,18.56999969482422,N/A
1663881502041037748,99.30000305175781,18.56999969482422,N/A
1663881502049968497,99.30000305175781,18.56999969482422,N/A
1663881502090877741,99.30000305175781,18.56999969482422,N/A
1663881502103806170,99.30000305175781,18.56999969482422,N/A
1663881502137292020,90.30000305175781,18.56999969482422,N/A
1663881502138899587,90.30000305175781,18.56999969482422,N/A
1663881502141003971,90.30000305175781,18.56999969482422,N/A
1663881502191776028,90.30000305175781,18.56999969482422,N/A
1663881502241441511,90.30000305175781,18.229999542236328,N/A
1663881502291812924,90.30000305175781,18.229999542236328,N/A
1663881502342283539,90.30000305175781,18.229999542236328,N/A
1663881502392555078,90.30000305175781,18.229999542236328,N/A
1663881502442563905,93.19999694824219,18.940000534057617,N/A
1663881502492943864,93.19999694824219,18.940000534057617,N/A
1663881502544002159,93.19999694824219,18.940000534057617,N/A
1663881502592964609,93.19999694824219,18.940000534057617,N/A
1663881502643262006,92.69999694824219,18.940000534057617,N/A
1663881502693394706,92.69999694824219,16.649999618530273,N/A
1663881502700620860,92.69999694824219,16.649999618530273,N/A
1663881502743385615,92.69999694824219,16.649999618530273,N/A
1663881502794056636,92.69999694824219,16.649999618530273,N/A
1663881502843632801,92.69999694824219,16.649999618530273,N/A
1663881502894173202,92.69999694824219,16.649999618530273,N/A
1663881502944085958,92.69999694824219,17.360000610351562,N/A
1663881502994743176,81.80000305175781,17.360000610351562,N/A
1663881503044765594,81.80000305175781,17.360000610351562,N/A
1663881503054547391,81.80000305175781,17.360000610351562,N/A
1663881503095411097,81.80000305175781,17.360000610351562,N/A
1663881503107052428,81.80000305175781,17.360000610351562,N/A
1663881503141197237,81.80000305175781,17.360000610351562,N/A
1663881503142858912,81.80000305175781,17.360000610351562,N/A
1663881503145615838,81.80000305175781,17.360000610351562,N/A
1663881503195459173,81.80000305175781,18.469999313354492,N/A
1663881503245379531,96.0,18.469999313354492,N/A
1663881503296162092,96.0,18.469999313354492,N/A
1663881503346179842,96.0,18.469999313354492,N/A
1663881503396418608,93.30000305175781,18.469999313354492,N/A
1663881503446457515,93.30000305175781,18.700000762939453,N/A
1663881503496949668,93.30000305175781,18.700000762939453,N/A
1663881503546388550,93.30000305175781,18.700000762939453,N/A
1663881503597017023,93.30000305175781,18.700000762939453,N/A
1663881503647447483,93.30000305175781,18.700000762939453,N/A
1663881503698163573,93.30000305175781,18.34000015258789,N/A
1663881503704584061,93.30000305175781,18.34000015258789,N/A
1663881503747680342,93.30000305175781,18.34000015258789,N/A
1663881503797927089,92.69999694824219,18.34000015258789,N/A
1663881503848043289,92.69999694824219,18.34000015258789,N/A
1663881503898081364,92.69999694824219,18.34000015258789,N/A
1663881503948437225,92.69999694824219,18.889999389648438,N/A
1663881503998525119,85.69999694824219,18.889999389648438,N/A
1663881504049549678,85.69999694824219,18.889999389648438,N/A
1663881504058130864,85.69999694824219,18.889999389648438,N/A
1663881504099319401,85.69999694824219,18.889999389648438,N/A
1663881504111296005,85.69999694824219,18.889999389648438,N/A
1663881504145633566,85.69999694824219,18.889999389648438,N/A
1663881504147494659,85.69999694824219,18.889999389648438,N/A
1663881504149656449,85.69999694824219,18.889999389648438,N/A
1663881504199461587,86.5,18.84000015258789,N/A
1663881504249587688,86.5,18.84000015258789,N/A
1663881504300052338,86.5,18.84000015258789,N/A
1663881504349996512,86.5,18.84000015258789,N/A
1663881504400430820,86.5,18.290000915527344,N/A
1663881504450893222,88.69999694824219,18.290000915527344,N/A
1663881504500285300,88.69999694824219,18.290000915527344,N/A
1663881504551111853,88.69999694824219,18.290000915527344,N/A
1663881504601086982,88.69999694824219,18.290000915527344,N/A
1663881504652136737,88.69999694824219,18.290000915527344,N/A
1663881504701543966,88.69999694824219,18.290000915527344,N/A
1663881504709264574,88.69999694824219,18.290000915527344,N/A
1663881504751884562,88.69999694824219,20.389999389648438,N/A
1663881504801790252,86.30000305175781,20.389999389648438,N/A
1663881504852000601,86.30000305175781,20.389999389648438,N/A
1663881504902433035,86.30000305175781,20.389999389648438,N/A
1663881504952569541,86.30000305175781,17.5,N/A
1663881505002378566,88.19999694824219,17.5,N/A
1663881505054220064,88.19999694824219,17.5,N/A
1663881505061974468,88.19999694824219,17.5,N/A
1663881505102698297,88.19999694824219,17.5,N/A
1663881505115191106,88.19999694824219,17.5,N/A
1663881505149536941,88.19999694824219,17.5,N/A
1663881505151710840,88.19999694824219,17.5,N/A
1663881505153860382,88.19999694824219,17.5,N/A
1663881505203511218,88.19999694824219,17.5,N/A
1663881505254683637,88.19999694824219,16.719999313354492,N/A
1663881505304168020,88.30000305175781,16.719999313354492,N/A
1663881505354303344,88.30000305175781,16.719999313354492,N/A
1663881505404218513,88.30000305175781,16.719999313354492,N/A
1663881505454495674,82.69999694824219,20.0,N/A
1663881505505043637,82.69999694824219,20.0,N/A
1663881505555138648,82.69999694824219,20.0,N/A
1663881505605344462,82.69999694824219,20.0,N/A
1663881505655496662,82.69999694824219,20.0,N/A
1663881505705992013,82.69999694824219,17.530000686645508,N/A
1663881505712444617,82.69999694824219,17.530000686645508,N/A
1663881505755853400,88.5999984741211,17.530000686645508,N/A
1663881505805513465,88.5999984741211,17.530000686645508,N/A
1663881505856062671,88.5999984741211,17.530000686645508,N/A
1663881505906157913,88.5999984741211,17.530000686645508,N/A
1663881505956359412,88.5999984741211,16.15999984741211,N/A
1663881506006623643,98.5,16.15999984741211,N/A
1663881506057030195,98.5,16.15999984741211,N/A
1663881506066222570,98.5,16.15999984741211,N/A
1663881506106831956,98.5,16.15999984741211,N/A
1663881506119108304,98.5,16.15999984741211,N/A
1663881506153667240,81.19999694824219,16.15999984741211,N/A
1663881506155161447,81.19999694824219,16.15999984741211,N/A
1663881506157883786,81.19999694824219,16.15999984741211,N/A
1663881506207199426,81.19999694824219,16.81999969482422,N/A
1663881506257779686,81.19999694824219,16.81999969482422,N/A
1663881506307596747,81.19999694824219,16.81999969482422,N/A
1663881506357741262,81.19999694824219,16.81999969482422,N/A
1663881506408369684,81.19999694824219,18.270000457763672,N/A
1663881506458211063,90.19999694824219,18.270000457763672,N/A
1663881506508257541,90.19999694824219,18.270000457763672,N/A
1663881506558611846,90.19999694824219,18.270000457763672,N/A
1663881506609302751,90.19999694824219,18.270000457763672,N/A
1663881506659473744,90.19999694824219,18.270000457763672,N/A
1663881506709414641,79.4000015258789,15.859999656677246,N/A
1663881506717100997,79.4000015258789,15.859999656677246,N/A
1663881506760012441,79.4000015258789,15.859999656677246,N/A
1663881506809921193,79.4000015258789,15.859999656677246,N/A
1663881506860425190,79.4000015258789,15.859999656677246,N/A
1663881506910692508,79.4000015258789,15.859999656677246,N/A
1663881506960922268,95.0999984741211,14.5600004196167,N/A
1663881507010540420,95.0999984741211,14.5600004196167,N/A
1663881507061001464,95.0999984741211,14.5600004196167,N/A
1663881507070638159,95.0999984741211,14.5600004196167,N/A
1663881507111405908,95.0999984741211,14.5600004196167,N/A
1663881507123285060,95.0999984741211,14.5600004196167,N/A
1663881507157859936,95.0999984741211,14.5600004196167,N/A
1663881507159594189,95.0999984741211,14.5600004196167,N/A
1663881507162478035,95.0999984741211,14.5600004196167,N/A
1663881507211604131,95.0999984741211,14.5600004196167,N/A
1663881507261831058,95.0999984741211,15.369999885559082,N/A
1663881507312021992,92.19999694824219,15.369999885559082,N/A
1663881507362438716,92.19999694824219,15.369999885559082,N/A
1663881507412649412,92.19999694824219,15.369999885559082,N/A
1663881507462499753,90.5,16.6200008392334,N/A
1663881507513042454,90.5,16.6200008392334,N/A
1663881507563764493,90.5,16.6200008392334,N/A
1663881507613443028,90.5,16.6200008392334,N/A
1663881507663643888,92.69999694824219,16.6200008392334,N/A
1663881507714021919,92.69999694824219,16.6200008392334,N/A
1663881507721043361,92.69999694824219,18.149999618530273,N/A
1663881507764060845,92.69999694824219,18.149999618530273,N/A
1663881507813806139,92.69999694824219,18.149999618530273,N/A
1663881507864144952,92.69999694824219,18.149999618530273,N/A
1663881507914618269,92.69999694824219,18.149999618530273,N/A
1663881507965658631,92.69999694824219,18.149999618530273,N/A
1663881508015202498,91.0,19.959999084472656,N/A
1663881508065039922,91.0,19.959999084472656,N/A
1663881508074683032,91.0,19.959999084472656,N/A
1663881508115658795,91.0,19.959999084472656,N/A
1663881508127335617,91.0,19.959999084472656,N/A
1663881508161292334,82.5999984741211,20.0,N/A
1663881508162998242,82.5999984741211,20.0,N/A
1663881508166076389,82.5999984741211,20.0,N/A
1663881508215719761,82.5999984741211,20.0,N/A
1663881508265934049,82.5999984741211,20.0,N/A
1663881508316082750,82.5999984741211,20.0,N/A
1663881508366718240,82.5999984741211,20.0,N/A
1663881508416930630,82.5999984741211,20.0,N/A
1663881508467018647,82.5999984741211,17.899999618530273,N/A
1663881508517152791,94.69999694824219,17.899999618530273,N/A
1663881508567421788,94.69999694824219,17.899999618530273,N/A
1663881508617506755,94.69999694824219,17.899999618530273,N/A
1663881508668105517,94.69999694824219,17.899999618530273,N/A
1663881508717978696,91.30000305175781,17.899999618530273,N/A
1663881508725022165,91.30000305175781,18.889999389648438,N/A
1663881508768454224,91.30000305175781,18.889999389648438,N/A
1663881508818340953,91.30000305175781,18.889999389648438,N/A
1663881508869450051,91.30000305175781,18.889999389648438,N/A
1663881508918925662,91.30000305175781,18.440000534057617,N/A
1663881508968935218,89.4000015258789,18.440000534057617,N/A
1663881509019092900,89.4000015258789,18.440000534057617,N/A
1663881509069305949,89.4000015258789,18.440000534057617,N/A
1663881509078643523,89.4000015258789,18.440000534057617,N/A
1663881509119131427,89.4000015258789,18.440000534057617,N/A
1663881509131716577,89.4000015258789,18.440000534057617,N/A
1663881509165780297,89.4000015258789,18.440000534057617,N/A
1663881509167825067,89.4000015258789,18.440000534057617,N/A
1663881509171076185,89.4000015258789,18.440000534057617,N/A
1663881509219519394,93.0,19.459999084472656,N/A
1663881509270163834,93.0,19.459999084472656,N/A
1663881509320052958,93.0,19.459999084472656,N/A
1663881509371017726,93.0,19.459999084472656,N/A
1663881509420134668,83.69999694824219,19.459999084472656,N/A
1663881509471764991,83.69999694824219,19.579999923706055,N/A
1663881509520661467,83.69999694824219,19.579999923706055,N/A
1663881509570941869,83.69999694824219,19.579999923706055,N/A
1663881509621659374,83.69999694824219,19.579999923706055,N/A
1663881509673000501,83.69999694824219,19.579999923706055,N/A
1663881509721874917,83.69999694824219,18.40999984741211,N/A
1663881509729098911,83.69999694824219,18.40999984741211,N/A
1663881509772495223,97.69999694824219,18.40999984741211,N/A
1663881509822032821,97.69999694824219,18.40999984741211,N/A
1663881509872400534,97.69999694824219,18.40999984741211,N/A
1663881509923050437,97.69999694824219,18.40999984741211,N/A
1663881509973323312,80.30000305175781,18.40999984741211,N/A
1663881510023099555,80.30000305175781,18.43000030517578,N/A
1663881510073322187,80.30000305175781,18.43000030517578,N/A
1663881510082033559,80.30000305175781,18.43000030517578,N/A
1663881510123449140,80.30000305175781,18.43000030517578,N/A
1663881510135849459,80.30000305175781,18.43000030517578,N/A
1663881510170154545,80.30000305175781,18.43000030517578,N/A
1663881510172928826,80.30000305175781,18.43000030517578,N/A
1663881510176032771,80.30000305175781,18.43000030517578,N/A
1663881510223933506,80.30000305175781,18.43000030517578,N/A
1663881510274131179,80.30000305175781,19.6299991607666,N/A
1663881510323947214,80.30000305175781,19.6299991607666,N/A
1663881510376407606,92.19999694824219,19.6299991607666,N/A
1663881510424802497,92.19999694824219,19.6299991607666,N/A
1663881510475149188,92.19999694824219,19.489999771118164,N/A
1663881510525153060,92.19999694824219,19.489999771118164,N/A
1663881510575378324,84.0999984741211,19.489999771118164,N/A
1663881510625738785,84.0999984741211,19.489999771118164,N/A
1663881510675642744,84.0999984741211,19.489999771118164,N/A
1663881510726224918,84.0999984741211,19.389999389648438,N/A
1663881510733163114,84.0999984741211,19.389999389648438,N/A
1663881510776287036,85.5,19.389999389648438,N/A
1663881510826010284,85.5,19.389999389648438,N/A
1663881510876846613,85.5,19.389999389648438,N/A
1663881510926712510,85.5,19.389999389648438,N/A
1663881510977255667,80.0999984741211,19.010000228881836,N/A
1663881511026839238,80.0999984741211,19.010000228881836,N/A
1663881511077576099,80.0999984741211,19.010000228881836,N/A
1663881511086737340,80.0999984741211,19.010000228881836,N/A
1663881511127604921,80.0999984741211,19.010000228881836,N/A
1663881511139765799,80.0999984741211,19.010000228881836,N/A
1663881511174331385,80.0999984741211,19.010000228881836,N/A
1663881511177305309,80.0999984741211,19.010000228881836,N/A
1663881511179403351,80.0999984741211,19.010000228881836,N/A
1663881511227909892,80.0999984741211,19.899999618530273,N/A
1663881511278505448,80.0999984741211,19.899999618530273,N/A
1663881511328215692,84.69999694824219,19.899999618530273,N/A
1663881511378919976,84.69999694824219,19.899999618530273,N/A
1663881511430169795,84.69999694824219,19.899999618530273,N/A
1663881511479237801,85.69999694824219,19.389999389648438,N/A
1663881511528832616,85.69999694824219,19.389999389648438,N/A
1663881511579405662,85.69999694824219,19.389999389648438,N/A
1663881511629144542,85.69999694824219,19.389999389648438,N/A
1663881511679787471,85.69999694824219,19.389999389648438,N/A
1663881511729573703,85.69999694824219,19.389999389648438,N/A
1663881511737009424,85.69999694824219,19.389999389648438,N/A
1663881511779834602,85.69999694824219,18.93000030517578,N/A
1663881511830210599,87.30000305175781,18.93000030517578,N/A
1663881511880405343,87.30000305175781,18.93000030517578,N/A
1663881511931157697,87.30000305175781,18.93000030517578,N/A
1663881511980801660,87.30000305175781,18.93000030517578,N/A
1663881512030725814,89.30000305175781,18.81999969482422,N/A
1663881512081894204,89.30000305175781,18.81999969482422,N/A
1663881512090242594,89.30000305175781,18.81999969482422,N/A
1663881512131301121,89.30000305175781,18.81999969482422,N/A
1663881512145508966,89.30000305175781,18.81999969482422,N/A
1663881512177789901,89.30000305175781,17.729999542236328,N/A
1663881512180841691,89.30000305175781,17.729999542236328,N/A
1663881512184006485,89.30000305175781,17.729999542236328,N/A
1663881512231880259,79.5,17.729999542236328,N/A
1663881512282048584,79.5,17.729999542236328,N/A
1663881512332282256,79.5,17.729999542236328,N/A
1663881512382382142,79.5,17.729999542236328,N/A
1663881512432933943,79.5,16.520000457763672,N/A
1663881512483257412,92.4000015258789,16.520000457763672,N/A
1663881512532625005,92.4000015258789,16.520000457763672,N/A
1663881512582955080,92.4000015258789,16.520000457763672,N/A
1663881512633324818,92.4000015258789,16.520000457763672,N/A
1663881512684003846,92.4000015258789,16.520000457763672,N/A
1663881512733913190,92.4000015258789,16.170000076293945,N/A
1663881512741011103,92.4000015258789,16.170000076293945,N/A
1663881512784405994,86.5999984741211,16.170000076293945,N/A
1663881512834257573,86.5999984741211,16.170000076293945,N/A
1663881512884245052,86.5999984741211,16.170000076293945,N/A
1663881512935166550,86.5999984741211,19.600000381469727,N/A
1663881512984429235,83.0,19.600000381469727,N/A
1663881513034967639,83.0,19.600000381469727,N/A
1663881513085228037,83.0,19.600000381469727,N/A
1663881513094145104,83.0,19.600000381469727,N/A
1663881513135420766,83.0,19.600000381469727,N/A
1663881513147556342,83.0,19.600000381469727,N/A
1663881513181273547,83.0,19.600000381469727,N/A
1663881513183245622,83.0,19.600000381469727,N/A
1663881513185807917,83.0,19.600000381469727,N/A
1663881513235431727,83.0,19.420000076293945,N/A
1663881513285782022,83.0,19.420000076293945,N/A
1663881513336306688,88.19999694824219,19.420000076293945,N/A
1663881513386321061,88.19999694824219,19.420000076293945,N/A
1663881513436381176,88.19999694824219,17.68000030517578,N/A
1663881513486556661,89.19999694824219,17.68000030517578,N/A
1663881513536718284,89.19999694824219,17.68000030517578,N/A
1663881513587147035,89.19999694824219,17.68000030517578,N/A
1663881513637187657,89.19999694824219,17.68000030517578,N/A
1663881513687474874,89.19999694824219,18.229999542236328,N/A
1663881513737938866,89.19999694824219,18.229999542236328,N/A
1663881513745067713,89.19999694824219,18.229999542236328,N/A
1663881513788072910,83.5,18.229999542236328,N/A
1663881513838052923,83.5,18.229999542236328,N/A
1663881513888330817,83.5,18.229999542236328,N/A
1663881513938740862,83.5,18.229999542236328,N/A
1663881513988614953,83.5,19.489999771118164,N/A
1663881514040158443,79.9000015258789,19.489999771118164,N/A
1663881514089154641,79.9000015258789,19.489999771118164,N/A
1663881514098474000,79.9000015258789,19.489999771118164,N/A
1663881514139314773,79.9000015258789,19.489999771118164,N/A
1663881514151404745,79.9000015258789,19.489999771118164,N/A
1663881514185945842,86.5,19.489999771118164,N/A
1663881514188972688,86.5,19.489999771118164,N/A
1663881514190890806,86.5,19.489999771118164,N/A
1663881514239730511,86.5,19.489999771118164,N/A
1663881514290563230,86.5,19.34000015258789,N/A
1663881514339837006,86.5,19.34000015258789,N/A
1663881514389849870,86.5,19.34000015258789,N/A
1663881514440672752,86.5,19.34000015258789,N/A
1663881514490665314,86.5,19.110000610351562,N/A
1663881514540447727,86.5,19.110000610351562,N/A
1663881514590804607,86.5,19.110000610351562,N/A
1663881514641258849,86.5,19.110000610351562,N/A
1663881514691831662,88.30000305175781,19.110000610351562,N/A
1663881514741163301,88.30000305175781,19.770000457763672,N/A
1663881514748834861,88.30000305175781,19.770000457763672,N/A
1663881514791540358,88.30000305175781,19.770000457763672,N/A
1663881514842011837,88.30000305175781,19.770000457763672,N/A
1663881514892170181,88.30000305175781,19.770000457763672,N/A
1663881514942419883,88.30000305175781,19.290000915527344,N/A
1663881514992577163,84.0,19.290000915527344,N/A
1663881515042307326,84.0,19.290000915527344,N/A
1663881515093014924,84.0,19.290000915527344,N/A
1663881515102284893,84.0,19.290000915527344,N/A
1663881515142883988,84.0,19.290000915527344,N/A
1663881515155384974,84.0,19.290000915527344,N/A
1663881515189417099,84.0,19.290000915527344,N/A
1663881515191526575,84.0,19.290000915527344,N/A
1663881515193725095,84.0,19.290000915527344,N/A
1663881515244781637,80.19999694824219,19.56999969482422,N/A
1663881515293907776,80.19999694824219,19.56999969482422,N/A
1663881515343566535,80.19999694824219,19.56999969482422,N/A
1663881515393880383,80.19999694824219,19.56999969482422,N/A
1663881515444042398,80.19999694824219,19.829999923706055,N/A
1663881515494473897,84.0,19.829999923706055,N/A
1663881515544655805,84.0,19.829999923706055,N/A
1663881515594904489,84.0,19.829999923706055,N/A
1663881515645464917,84.0,19.829999923706055,N/A
1663881515695815679,84.0,19.579999923706055,N/A
1663881515745540181,84.0,19.579999923706055,N/A
1663881515753026355,84.0,19.579999923706055,N/A
1663881515795741012,84.0,19.579999923706055,N/A
1663881515846594945,84.0,19.579999923706055,N/A
1663881515896315323,84.0,19.579999923706055,N/A
1663881515946766870,84.0,19.579999923706055,N/A
1663881515996504030,84.0,19.65999984741211,N/A
1663881516046568851,87.80000305175781,19.65999984741211,N/A
1663881516097425794,87.80000305175781,19.65999984741211,N/A
1663881516106143491,87.80000305175781,19.65999984741211,N/A
1663881516147336471,87.80000305175781,19.65999984741211,N/A
1663881516159069333,87.80000305175781,19.65999984741211,N/A
1663881516193063219,87.80000305175781,19.65999984741211,N/A
1663881516194894907,87.80000305175781,19.65999984741211,N/A
1663881516198151880,87.80000305175781,19.65999984741211,N/A
1663881516247839375,87.80000305175781,17.739999771118164,N/A
1663881516297958416,87.80000305175781,17.739999771118164,N/A
1663881516347727638,95.5999984741211,17.739999771118164,N/A
1663881516397833790,95.5999984741211,17.739999771118164,N/A
1663881516448722772,78.69999694824219,17.739999771118164,N/A
1663881516498819971,78.69999694824219,15.869999885559082,N/A
1663881516548768823,78.69999694824219,15.869999885559082,N/A
1663881516598768460,78.69999694824219,15.869999885559082,N/A
1663881516649114022,78.69999694824219,15.869999885559082,N/A
1663881516699990459,78.69999694824219,15.869999885559082,N/A
1663881516750677156,78.69999694824219,16.93000030517578,N/A
1663881516756773299,78.69999694824219,16.93000030517578,N/A
1663881516799527413,83.5999984741211,16.93000030517578,N/A
1663881516850504860,83.5999984741211,16.93000030517578,N/A
1663881516900309319,83.5999984741211,16.93000030517578,N/A
1663881516950698429,78.4000015258789,16.93000030517578,N/A
1663881517000781237,78.4000015258789,17.139999389648438,N/A
1663881517052493760,78.4000015258789,17.139999389648438,N/A
1663881517101097051,78.4000015258789,17.139999389648438,N/A
1663881517110110891,78.4000015258789,17.139999389648438,N/A
1663881517151304169,78.4000015258789,17.139999389648438,N/A
1663881517163675426,78.4000015258789,17.139999389648438,N/A
1663881517197419497,78.4000015258789,17.139999389648438,N/A
1663881517199493310,78.4000015258789,17.139999389648438,N/A
1663881517202782444,78.4000015258789,17.139999389648438,N/A
1663881517251285544,78.4000015258789,18.350000381469727,N/A
1663881517301403381,92.5,18.350000381469727,N/A
1663881517352239841,92.5,18.350000381469727,N/A
1663881517402050124,92.5,18.350000381469727,N/A
1663881517452328967,92.5,15.819999694824219,N/A
1663881517502600791,90.4000015258789,15.819999694824219,N/A
1663881517553939476,90.4000015258789,15.819999694824219,N/A
1663881517602655893,90.4000015258789,15.819999694824219,N/A
1663881517653257176,90.4000015258789,15.819999694824219,N/A
1663881517703962098,90.4000015258789,15.819999694824219,N/A
1663881517753612783,86.4000015258789,15.859999656677246,N/A
1663881517761894394,86.4000015258789,15.859999656677246,N/A
1663881517803610120,86.4000015258789,15.859999656677246,N/A
1663881517853994507,86.4000015258789,15.859999656677246,N/A
1663881517904481942,86.4000015258789,15.859999656677246,N/A
1663881517954863302,88.80000305175781,15.859999656677246,N/A
1663881518004775908,88.80000305175781,15.829999923706055,N/A
1663881518055338538,88.80000305175781,15.829999923706055,N/A
1663881518105097380,88.80000305175781,15.829999923706055,N/A
1663881518114364829,88.80000305175781,15.829999923706055,N/A
1663881518155363936,88.80000305175781,15.829999923706055,N/A
1663881518167262213,88.80000305175781,15.829999923706055,N/A
1663881518201885948,88.80000305175781,15.829999923706055,N/A
1663881518203800709,88.80000305175781,15.829999923706055,N/A
1663881518205771578,88.80000305175781,15.829999923706055,N/A
1663881518256236865,88.80000305175781,17.8700008392334,N/A
1663881518305575447,83.5999984741211,17.8700008392334,N/A
1663881518356220516,83.5999984741211,17.8700008392334,N/A
1663881518406558719,83.5999984741211,17.8700008392334,N/A
1663881518456908363,83.5999984741211,17.8700008392334,N/A
1663881518506484780,83.5999984741211,20.1299991607666,N/A
1663881518557978331,90.0,20.1299991607666,N/A
1663881518607279292,90.0,20.1299991607666,N/A
1663881518657338283,90.0,20.1299991607666,N/A
1663881518707609920,90.0,20.1299991607666,N/A
1663881518757469754,90.0,19.709999084472656,N/A
1663881518764929729,90.0,19.709999084472656,N/A
1663881518807722379,90.0,19.709999084472656,N/A
1663881518859413293,88.69999694824219,19.709999084472656,N/A
1663881518908334435,88.69999694824219,19.709999084472656,N/A
1663881518958785589,88.69999694824219,17.959999084472656,N/A
1663881519008277148,92.5999984741211,17.959999084472656,N/A
1663881519058716252,92.5999984741211,17.959999084472656,N/A
1663881519109263843,92.5999984741211,17.959999084472656,N/A
1663881519118534468,92.5999984741211,17.959999084472656,N/A
1663881519158921984,92.5999984741211,17.959999084472656,N/A
1663881519171822182,92.5999984741211,17.959999084472656,N/A
1663881519205353260,92.5999984741211,17.959999084472656,N/A
1663881519207369682,92.5999984741211,17.959999084472656,N/A
1663881519210012541,92.5999984741211,17.959999084472656,N/A
1663881519259857586,78.4000015258789,18.75,N/A
1663881519309503207,78.4000015258789,18.75,N/A
1663881519359871632,78.4000015258789,18.75,N/A
1663881519410258522,78.4000015258789,18.75,N/A
1663881519461368528,94.0999984741211,18.75,N/A
1663881519510278117,94.0999984741211,17.989999771118164,N/A
1663881519560983400,94.0999984741211,17.989999771118164,N/A
1663881519611111707,94.0999984741211,17.989999771118164,N/A
1663881519661284631,94.0999984741211,17.989999771118164,N/A
1663881519711702638,94.0999984741211,17.989999771118164,N/A
1663881519762272985,94.0999984741211,20.139999389648438,N/A
1663881519770938268,94.0999984741211,20.139999389648438,N/A
1663881519811720162,86.5,20.139999389648438,N/A
1663881519862044507,86.5,20.139999389648438,N/A
1663881519912296777,86.5,20.139999389648438,N/A
1663881519963320451,86.5,20.139999389648438,N/A
1663881520012899369,88.5999984741211,18.809999465942383,N/A
1663881520063124095,88.5999984741211,18.809999465942383,N/A
1663881520113196372,88.5999984741211,18.809999465942383,N/A
1663881520121973142,88.5999984741211,18.809999465942383,N/A
1663881520164413687,88.5999984741211,18.809999465942383,N/A
1663881520175797803,88.5999984741211,18.809999465942383,N/A
1663881520209184228,88.5999984741211,18.809999465942383,N/A
1663881520211427203,88.5999984741211,18.809999465942383,N/A
1663881520214503199,88.5999984741211,18.809999465942383,N/A
1663881520263651949,100.9000015258789,17.170000076293945,N/A
1663881520313969640,100.9000015258789,17.170000076293945,N/A
1663881520363762344,100.9000015258789,17.170000076293945,N/A
1663881520414321091,100.9000015258789,17.170000076293945,N/A
1663881520464604519,100.9000015258789,17.170000076293945,N/A
1663881520516184175,77.0999984741211,19.100000381469727,N/A
1663881520564857068,77.0999984741211,19.100000381469727,N/A
1663881520615011001,77.0999984741211,19.100000381469727,N/A
1663881520665833922,77.0999984741211,19.100000381469727,N/A
1663881520716047273,77.0999984741211,19.100000381469727,N/A
1663881520766074061,77.0999984741211,19.100000381469727,N/A
1663881520773054116,77.0999984741211,19.100000381469727,N/A
1663881520816113379,77.0999984741211,19.0,N/A
1663881520865502627,87.80000305175781,19.0,N/A
1663881520916190841,87.80000305175781,19.0,N/A
1663881520966152300,87.80000305175781,19.0,N/A
1663881521016341566,87.80000305175781,19.1200008392334,N/A
1663881521066667172,83.0,19.1200008392334,N/A
1663881521116620380,83.0,19.1200008392334,N/A
1663881521125906873,83.0,19.1200008392334,N/A
1663881521167240446,83.0,19.1200008392334,N/A
1663881521179398740,83.0,19.1200008392334,N/A
1663881521213567689,83.0,19.1200008392334,N/A
1663881521215444643,83.0,19.1200008392334,N/A
1663881521217247975,83.0,19.1200008392334,N/A
1663881521267661171,83.0,19.1200008392334,N/A
1663881521317802545,83.0,19.1200008392334,N/A
1663881521367514560,97.0,16.5,N/A
1663881521417908859,97.0,16.5,N/A
1663881521468223252,97.0,16.5,N/A
1663881521518348675,97.0,15.729999542236328,N/A
1663881521568718233,86.5999984741211,15.729999542236328,N/A
1663881521618748419,86.5999984741211,15.729999542236328,N/A
1663881521669185775,86.5999984741211,15.729999542236328,N/A
1663881521719344489,86.5999984741211,15.729999542236328,N/A
1663881521769191799,89.0999984741211,15.979999542236328,N/A
1663881521776667837,89.0999984741211,15.979999542236328,N/A
1663881521819405096,89.0999984741211,15.979999542236328,N/A
1663881521870654664,89.0999984741211,15.979999542236328,N/A
1663881521920249545,89.0999984741211,15.979999542236328,N/A
1663881521971396591,89.0999984741211,15.979999542236328,N/A
1663881522020401810,89.0999984741211,17.200000762939453,N/A
1663881522071466773,94.4000015258789,17.200000762939453,N/A
1663881522121026734,94.4000015258789,17.200000762939453,N/A
1663881522130288901,94.4000015258789,17.200000762939453,N/A
1663881522171425747,94.4000015258789,17.200000762939453,N/A
1663881522183330495,94.4000015258789,17.200000762939453,N/A
1663881522217059937,94.4000015258789,17.200000762939453,N/A
1663881522218728908,94.4000015258789,17.200000762939453,N/A
1663881522221614131,94.4000015258789,17.200000762939453,N/A
1663881522271249593,80.0999984741211,17.200000762939453,N/A
1663881522321542960,80.0999984741211,15.380000114440918,N/A
1663881522372132624,80.0999984741211,15.380000114440918,N/A
1663881522422132621,80.0999984741211,15.380000114440918,N/A
1663881522472386844,80.0999984741211,15.380000114440918,N/A
1663881522522700121,78.69999694824219,18.350000381469727,N/A
1663881522574848957,78.69999694824219,18.350000381469727,N/A
1663881522622545619,78.69999694824219,18.350000381469727,N/A
1663881522673244845,78.69999694824219,18.350000381469727,N/A
1663881522723566911,78.69999694824219,18.350000381469727,N/A
1663881522774056673,78.69999694824219,17.389999389648438,N/A
1663881522780673719,78.69999694824219,17.389999389648438,N/A
1663881522823440347,99.5999984741211,17.389999389648438,N/A
1663881522875042752,99.5999984741211,17.389999389648438,N/A
1663881522923886176,99.5999984741211,17.389999389648438,N/A
1663881522974724965,99.5999984741211,17.389999389648438,N/A
1663881523024400961,83.30000305175781,18.329999923706055,N/A
1663881523074968055,83.30000305175781,18.329999923706055,N/A
1663881523124914821,83.30000305175781,18.329999923706055,N/A
1663881523134146299,83.30000305175781,18.329999923706055,N/A
1663881523175060126,83.30000305175781,18.329999923706055,N/A
1663881523187256942,83.30000305175781,18.329999923706055,N/A
1663881523220990813,83.30000305175781,18.329999923706055,N/A
1663881523222618796,83.30000305175781,18.329999923706055,N/A
1663881523225369720,83.30000305175781,18.329999923706055,N/A
1663881523276091429,93.4000015258789,17.280000686645508,N/A
1663881523325879379,93.4000015258789,17.280000686645508,N/A
1663881523376059465,93.4000015258789,17.280000686645508,N/A
1663881523425961147,93.4000015258789,17.280000686645508,N/A
1663881523476349662,93.4000015258789,17.280000686645508,N/A
1663881523526368957,90.4000015258789,17.1299991607666,N/A
1663881523576928063,90.4000015258789,17.1299991607666,N/A
1663881523626565361,90.4000015258789,17.1299991607666,N/A
1663881523677179992,90.4000015258789,17.1299991607666,N/A
1663881523728073336,90.4000015258789,17.1299991607666,N/A
1663881523777569933,86.69999694824219,18.31999969482422,N/A
1663881523785839298,86.69999694824219,18.31999969482422,N/A
1663881523827775378,86.69999694824219,18.31999969482422,N/A
1663881523878681404,86.69999694824219,18.31999969482422,N/A
1663881523928473027,86.69999694824219,18.31999969482422,N/A
1663881523978831223,86.69999694824219,18.31999969482422,N/A
1663881524028982842,89.19999694824219,18.31999969482422,N/A
1663881524078746815,89.19999694824219,18.229999542236328,N/A
1663881524129155836,89.19999694824219,18.229999542236328,N/A
1663881524138735620,89.19999694824219,18.229999542236328,N/A
1663881524179406010,89.19999694824219,18.229999542236328,N/A
1663881524191377365,89.19999694824219,18.229999542236328,N/A
1663881524225631936,89.19999694824219,18.229999542236328,N/A
1663881524227243198,89.19999694824219,18.229999542236328,N/A
1663881524230956113,89.19999694824219,18.229999542236328,N/A
1663881524279224325,89.19999694824219,20.309999465942383,N/A
1663881524329795481,88.0,20.309999465942383,N/A
1663881524381825629,88.0,20.309999465942383,N/A
1663881524429838207,88.0,20.309999465942383,N/A
1663881524480386804,88.0,20.309999465942383,N/A
1663881524530896742,88.0,20.309999465942383,N/A
1663881524580445881,89.4000015258789,20.239999771118164,N/A
1663881524631123428,89.4000015258789,20.239999771118164,N/A
1663881524681739087,89.4000015258789,20.239999771118164,N/A
1663881524731422687,89.4000015258789,20.239999771118164,N/A
1663881524781505387,89.4000015258789,18.829999923706055,N/A
1663881524788517774,89.4000015258789,18.829999923706055,N/A
1663881524831885889,86.30000305175781,18.829999923706055,N/A
1663881524881922860,86.30000305175781,18.829999923706055,N/A
1663881524934486557,86.30000305175781,18.829999923706055,N/A
1663881524982684570,86.30000305175781,18.829999923706055,N/A
1663881525032270270,93.19999694824219,18.18000030517578,N/A
1663881525082312685,93.19999694824219,18.18000030517578,N/A
1663881525132803376,93.19999694824219,18.18000030517578,N/A
1663881525142127219,93.19999694824219,18.18000030517578,N/A
1663881525183315276,93.19999694824219,18.18000030517578,N/A
1663881525195334775,93.19999694824219,18.18000030517578,N/A
1663881525229252385,93.19999694824219,18.18000030517578,N/A
1663881525231616394,93.19999694824219,18.18000030517578,N/A
1663881525233291142,93.19999694824219,18.18000030517578,N/A
1663881525283613323,87.30000305175781,17.079999923706055,N/A
1663881525333839740,87.30000305175781,17.079999923706055,N/A
1663881525383893250,87.30000305175781,17.079999923706055,N/A
1663881525434160729,87.30000305175781,17.079999923706055,N/A
1663881525484539291,87.30000305175781,17.079999923706055,N/A
1663881525534372425,89.5999984741211,17.079999923706055,N/A
1663881525584504937,89.5999984741211,15.619999885559082,N/A
1663881525634792337,89.5999984741211,15.619999885559082,N/A
1663881525684998169,89.5999984741211,15.619999885559082,N/A
1663881525736466815,89.5999984741211,15.619999885559082,N/A
1663881525785381278,92.0999984741211,15.600000381469727,N/A
1663881525792488930,92.0999984741211,15.600000381469727,N/A
1663881525835877426,92.0999984741211,15.600000381469727,N/A
1663881525885961170,92.0999984741211,15.600000381469727,N/A
1663881525935875667,92.0999984741211,15.600000381469727,N/A
1663881525986213024,92.0999984741211,15.600000381469727,N/A
1663881526036365945,88.5999984741211,15.600000381469727,N/A
1663881526089063653,88.5999984741211,17.209999084472656,N/A
1663881526136912175,88.5999984741211,17.209999084472656,N/A
1663881526146086938,88.5999984741211,17.209999084472656,N/A
1663881526187004835,88.5999984741211,17.209999084472656,N/A
1663881526198855360,88.5999984741211,17.209999084472656,N/A
1663881526233849881,88.5999984741211,17.209999084472656,N/A
1663881526235781501,88.5999984741211,17.209999084472656,N/A
1663881526237472391,88.5999984741211,17.209999084472656,N/A
1663881526288247397,88.5999984741211,17.209999084472656,N/A
1663881526337994876,88.5999984741211,16.540000915527344,N/A
1663881526387756540,88.5999984741211,16.540000915527344,N/A
1663881526437947106,83.5,16.540000915527344,N/A
1663881526488792076,83.5,16.540000915527344,N/A
1663881526538127524,89.19999694824219,17.90999984741211,N/A
1663881526588758618,89.19999694824219,17.90999984741211,N/A
1663881526638967084,89.19999694824219,17.90999984741211,N/A
1663881526688995498,89.19999694824219,17.90999984741211,N/A
1663881526739402526,89.19999694824219,17.90999984741211,N/A
1663881526789107687,89.19999694824219,18.280000686645508,N/A
1663881526796650243,89.19999694824219,18.280000686645508,N/A
1663881526839485611,82.0999984741211,18.280000686645508,N/A
1663881526890053256,82.0999984741211,18.280000686645508,N/A
1663881526940117025,82.0999984741211,18.280000686645508,N/A
1663881526990288768,82.0999984741211,18.280000686645508,N/A
1663881527040648825,95.19999694824219,18.68000030517578,N/A
1663881527090657658,95.19999694824219,18.68000030517578,N/A
1663881527140758890,95.19999694824219,18.68000030517578,N/A
1663881527150050236,95.19999694824219,18.68000030517578,N/A
1663881527191222156,95.19999694824219,18.68000030517578,N/A
1663881527202994872,95.19999694824219,18.68000030517578,N/A
1663881527237212048,95.19999694824219,18.68000030517578,N/A
1663881527238918396,95.19999694824219,18.68000030517578,N/A
1663881527241256399,95.19999694824219,18.68000030517578,N/A
1663881527291249650,82.4000015258789,19.479999542236328,N/A
1663881527341662996,82.4000015258789,19.479999542236328,N/A
1663881527392374264,82.4000015258789,19.479999542236328,N/A
1663881527441562719,82.4000015258789,19.479999542236328,N/A
1663881527492022084,82.4000015258789,19.479999542236328,N/A
1663881527542091075,95.80000305175781,19.479999542236328,N/A
1663881527592381425,95.80000305175781,17.559999465942383,N/A
1663881527642903603,95.80000305175781,17.559999465942383,N/A
1663881527692896041,95.80000305175781,17.559999465942383,N/A
1663881527743518958,95.80000305175781,17.559999465942383,N/A
1663881527793232959,89.30000305175781,19.709999084472656,N/A
1663881527800474282,89.30000305175781,19.709999084472656,N/A
1663881527849281264,89.30000305175781,19.709999084472656,N/A
1663881527894638874,89.30000305175781,19.709999084472656,N/A
1663881527943976422,89.30000305175781,19.709999084472656,N/A
1663881527994129884,89.30000305175781,19.709999084472656,N/A
1663881528044608331,89.30000305175781,19.709999084472656,N/A
1663881528094389972,90.69999694824219,18.0,N/A
1663881528144635373,90.69999694824219,18.0,N/A
1663881528154081962,90.69999694824219,18.0,N/A
1663881528194764605,90.69999694824219,18.0,N/A
1663881528207405495,90.69999694824219,18.0,N/A
1663881528241526204,90.69999694824219,18.0,N/A
1663881528243305681,90.69999694824219,18.0,N/A
1663881528246040308,90.69999694824219,18.0,N/A
1663881528295564623,77.9000015258789,18.0,N/A
1663881528345296538,77.9000015258789,18.0,N/A
1663881528395917141,77.9000015258789,18.139999389648438,N/A
1663881528445637738,77.9000015258789,18.139999389648438,N/A
1663881528496020382,77.9000015258789,18.139999389648438,N/A
1663881528546244004,96.0999984741211,17.549999237060547,N/A
1663881528596732768,96.0999984741211,17.549999237060547,N/A
1663881528646908064,96.0999984741211,17.549999237060547,N/A
1663881528697026398,96.0999984741211,17.549999237060547,N/A
1663881528748338687,96.0999984741211,17.549999237060547,N/A
1663881528797176313,96.0999984741211,17.549999237060547,N/A
1663881528804850882,96.0999984741211,17.549999237060547,N/A
1663881528847573794,96.0999984741211,17.709999084472656,N/A
1663881528897744877,87.4000015258789,17.709999084472656,N/A
1663881528947476061,87.4000015258789,17.709999084472656,N/A
1663881528998462397,87.4000015258789,17.709999084472656,N/A
1663881529048022632,87.4000015258789,18.450000762939453,N/A
1663881529098765644,84.30000305175781,18.450000762939453,N/A
1663881529148620030,84.30000305175781,18.450000762939453,N/A
1663881529157940871,84.30000305175781,18.450000762939453,N/A
1663881529198857216,84.30000305175781,18.450000762939453,N/A
1663881529210891553,84.30000305175781,18.450000762939453,N/A
1663881529244947316,84.30000305175781,18.450000762939453,N/A
1663881529246668714,84.30000305175781,18.450000762939453,N/A
1663881529248743389,84.30000305175781,18.450000762939453,N/A
1663881529299258455,93.80000305175781,18.450000762939453,N/A
1663881529349569176,93.80000305175781,17.219999313354492,N/A
1663881529399785756,93.80000305175781,17.219999313354492,N/A
1663881529450717813,93.80000305175781,17.219999313354492,N/A
1663881529500391427,93.80000305175781,17.219999313354492,N/A
1663881529550024551,81.69999694824219,17.5,N/A
1663881529600066169,81.69999694824219,17.5,N/A
1663881529650178531,81.69999694824219,17.5,N/A
1663881529700493556,81.69999694824219,17.5,N/A
1663881529751605465,81.69999694824219,17.5,N/A
1663881529801226791,81.69999694824219,19.579999923706055,N/A
1663881529808129329,81.69999694824219,19.579999923706055,N/A
1663881529851813893,81.69999694824219,19.579999923706055,N/A
1663881529901687998,81.9000015258789,19.579999923706055,N/A
1663881529953978764,81.9000015258789,19.579999923706055,N/A
1663881530003236396,81.9000015258789,19.579999923706055,N/A
1663881530052470543,81.9000015258789,19.579999923706055,N/A
1663881530102129225,95.30000305175781,17.639999389648438,N/A
1663881530154111018,95.30000305175781,17.639999389648438,N/A
1663881530163043407,95.30000305175781,17.639999389648438,N/A
1663881530202940012,95.30000305175781,17.639999389648438,N/A
1663881530217871858,95.30000305175781,17.639999389648438,N/A
1663881530248597412,95.30000305175781,17.639999389648438,N/A
1663881530250559423,95.30000305175781,17.639999389648438,N/A
1663881530254240447,95.30000305175781,17.639999389648438,N/A
1663881530303104450,95.30000305175781,18.34000015258789,N/A
1663881530353909085,80.30000305175781,18.34000015258789,N/A
1663881530403371615,80.30000305175781,18.34000015258789,N/A
1663881530454961552,80.30000305175781,18.34000015258789,N/A
1663881530504227194,80.30000305175781,18.34000015258789,N/A
1663881530554149842,80.30000305175781,18.34000015258789,N/A
1663881530604776032,91.80000305175781,17.479999542236328,N/A
1663881530655112565,91.80000305175781,17.479999542236328,N/A
1663881530704718943,91.80000305175781,17.479999542236328,N/A
1663881530755700536,91.80000305175781,17.479999542236328,N/A
1663881530805129487,80.30000305175781,17.479999542236328,N/A
1663881530812663709,80.30000305175781,17.479999542236328,N/A
1663881530855282633,80.30000305175781,20.1200008392334,N/A
1663881530905674455,80.30000305175781,20.1200008392334,N/A
1663881530956315343,80.30000305175781,20.1200008392334,N/A
1663881531005941212,80.30000305175781,20.1200008392334,N/A
1663881531056786533,80.30000305175781,19.170000076293945,N/A
1663881531106315085,90.30000305175781,19.170000076293945,N/A
1663881531157234686,90.30000305175781,19.170000076293945,N/A
1663881531166432086,90.30000305175781,19.170000076293945,N/A
1663881531207110672,90.30000305175781,19.170000076293945,N/A
1663881531219210360,90.30000305175781,19.170000076293945,N/A
1663881531253323193,90.30000305175781,19.170000076293945,N/A
1663881531255599256,90.30000305175781,19.170000076293945,N/A
1663881531257088051,90.30000305175781,19.170000076293945,N/A
1663881531307867880,90.30000305175781,18.959999084472656,N/A
1663881531357909970,86.69999694824219,18.959999084472656,N/A
1663881531407728274,86.69999694824219,18.959999084472656,N/A
1663881531457688139,86.69999694824219,18.959999084472656,N/A
1663881531508060229,86.69999694824219,18.959999084472656,N/A
1663881531558552211,86.69999694824219,18.5,N/A
1663881531608332370,88.0999984741211,18.5,N/A
1663881531658606319,88.0999984741211,18.5,N/A
1663881531708654596,88.0999984741211,18.5,N/A
1663881531759692648,88.0999984741211,18.5,N/A
1663881531809621170,88.0999984741211,16.350000381469727,N/A
1663881531816848236,88.0999984741211,16.350000381469727,N/A
1663881531859773624,95.5,16.350000381469727,N/A
1663881531910029471,95.5,16.350000381469727,N/A
1663881531959827108,95.5,16.350000381469727,N/A
1663881532010665391,95.5,16.350000381469727,N/A
1663881532060957160,95.5,17.290000915527344,N/A
1663881532110701606,79.69999694824219,17.290000915527344,N/A
1663881532160790802,79.69999694824219,17.290000915527344,N/A
1663881532170152874,79.69999694824219,17.290000915527344,N/A
1663881532210936127,79.69999694824219,17.290000915527344,N/A
1663881532222881031,79.69999694824219,17.290000915527344,N/A
1663881532257282996,79.69999694824219,17.290000915527344,N/A
1663881532258879849,79.69999694824219,17.290000915527344,N/A
1663881532260970646,79.69999694824219,17.290000915527344,N/A
1663881532311780789,79.69999694824219,17.290000915527344,N/A
1663881532362102592,79.69999694824219,17.329999923706055,N/A
1663881532412246806,79.69999694824219,17.329999923706055,N/A
1663881532462009327,90.19999694824219,17.329999923706055,N/A
1663881532512669549,90.19999694824219,17.329999923706055,N/A
1663881532562535125,90.19999694824219,15.850000381469727,N/A
1663881532612709540,94.5,15.850000381469727,N/A
1663881532662610336,94.5,15.850000381469727,N/A
1663881532713200986,94.5,15.850000381469727,N/A
1663881532763850918,94.5,15.850000381469727,N/A
1663881532813614759,94.5,15.850000381469727,N/A
1663881532820824503,94.5,15.850000381469727,N/A
1663881532863096876,84.5999984741211,15.850000381469727,N/A
1663881532913986909,84.5999984741211,18.81999969482422,N/A
1663881532964408663,84.5999984741211,18.81999969482422,N/A
1663881533014716790,84.5999984741211,18.81999969482422,N/A
1663881533064036907,84.5999984741211,17.719999313354492,N/A
1663881533114834698,86.9000015258789,17.719999313354492,N/A
1663881533164646665,86.9000015258789,17.719999313354492,N/A
1663881533174328677,86.9000015258789,17.719999313354492,N/A
1663881533214972336,86.9000015258789,17.719999313354492,N/A
1663881533228063539,86.9000015258789,17.719999313354492,N/A
1663881533260986588,86.9000015258789,17.719999313354492,N/A
1663881533262684900,86.9000015258789,17.719999313354492,N/A
1663881533265216558,86.9000015258789,17.719999313354492,N/A
1663881533315600632,86.9000015258789,17.719999313354492,N/A
1663881533365450317,83.80000305175781,19.510000228881836,N/A
1663881533415764954,83.80000305175781,19.510000228881836,N/A
1663881533465717455,83.80000305175781,19.510000228881836,N/A
1663881533516037101,83.80000305175781,19.510000228881836,N/A
1663881533566442309,87.0,18.43000030517578,N/A
1663881533617006989,87.0,18.43000030517578,N/A
1663881533666316831,87.0,18.43000030517578,N/A
1663881533716770850,87.0,18.43000030517578,N/A
1663881533767664246,87.0,18.43000030517578,N/A
1663881533817762962,87.0,18.43000030517578,N/A
1663881533824847962,87.0,18.43000030517578,N/A
1663881533867327836,86.69999694824219,17.209999084472656,N/A
1663881533917940166,86.69999694824219,17.209999084472656,N/A
1663881533968068956,86.69999694824219,17.209999084472656,N/A
1663881534018041050,86.69999694824219,17.209999084472656,N/A
1663881534068036528,86.69999694824219,17.209999084472656,N/A
1663881534118246761,89.9000015258789,18.799999237060547,N/A
1663881534168694409,89.9000015258789,18.799999237060547,N/A
1663881534177967998,89.9000015258789,18.799999237060547,N/A
1663881534219723644,89.9000015258789,18.799999237060547,N/A
1663881534231512752,89.9000015258789,18.799999237060547,N/A
1663881534265398436,89.9000015258789,18.799999237060547,N/A
1663881534267394577,89.9000015258789,18.799999237060547,N/A
1663881534269287103,89.9000015258789,18.799999237060547,N/A
1663881534319217255,89.9000015258789,17.540000915527344,N/A
1663881534369417883,84.5999984741211,17.540000915527344,N/A
1663881534419864575,84.5999984741211,17.540000915527344,N/A
1663881534469730521,84.5999984741211,17.540000915527344,N/A
1663881534520017618,84.5999984741211,17.540000915527344,N/A
1663881534570497155,84.5999984741211,19.6299991607666,N/A
1663881534620383144,96.69999694824219,19.6299991607666,N/A
1663881534670912598,96.69999694824219,19.6299991607666,N/A
1663881534721015944,96.69999694824219,19.6299991607666,N/A
1663881534774855965,96.69999694824219,19.6299991607666,N/A
1663881534823105884,96.69999694824219,19.6299991607666,N/A
1663881534831313567,96.69999694824219,19.6299991607666,N/A
1663881534873534138,96.69999694824219,19.6299991607666,N/A
1663881534923117594,96.69999694824219,19.6299991607666,N/A
1663881534974458195,96.69999694824219,19.6299991607666,N/A
1663881535026651919,96.69999694824219,19.6299991607666,N/A
1663881535073913871,96.69999694824219,19.6299991607666,N/A
1663881535123313435,96.69999694824219,19.6299991607666,N/A
1663881535173634984,96.69999694824219,19.6299991607666,N/A
1663881535184642365,96.69999694824219,19.6299991607666,N/A
1663881535223685408,96.69999694824219,19.6299991607666,N/A
1663881535236013654,96.69999694824219,19.6299991607666,N/A
1663881535269409785,96.69999694824219,19.6299991607666,N/A
1663881535271251131,96.69999694824219,19.6299991607666,N/A
1663881535274309457,96.69999694824219,19.6299991607666,N/A
1663881535323758329,96.69999694824219,19.6299991607666,N/A
1663881535375271186,96.69999694824219,19.6299991607666,N/A
1663881535424407401,96.69999694824219,19.6299991607666,N/A
1663881535474166058,96.69999694824219,19.6299991607666,N/A
1663881535524513344,96.69999694824219,19.6299991607666,N/A
1663881535574691567,96.69999694824219,19.6299991607666,N/A
1663881535624602026,96.69999694824219,19.6299991607666,N/A
1663881535674584059,96.69999694824219,19.6299991607666,N/A
1663881535724959376,96.69999694824219,19.6299991607666,N/A
1663881535776244950,96.69999694824219,19.6299991607666,N/A
1663881535826183783,96.69999694824219,19.6299991607666,N/A
1663881535832634491,96.69999694824219,19.6299991607666,N/A
1663881535876787924,96.69999694824219,19.6299991607666,N/A
1663881535926063460,96.69999694824219,19.6299991607666,N/A
1663881535976368421,96.69999694824219,19.6299991607666,N/A
1663881536026542415,96.69999694824219,19.6299991607666,N/A
1663881536076799308,96.69999694824219,19.6299991607666,N/A
1663881536127086939,96.69999694824219,19.6299991607666,N/A
1663881536176903690,96.69999694824219,19.6299991607666,N/A
1663881536185764295,96.69999694824219,19.6299991607666,N/A
1663881536226748900,96.69999694824219,19.6299991607666,N/A
1663881536239011796,96.69999694824219,19.6299991607666,N/A
1663881536274669610,96.69999694824219,19.6299991607666,N/A
1663881536276802803,96.69999694824219,19.6299991607666,N/A
1663881536278679665,96.69999694824219,19.6299991607666,N/A
1663881536327160776,96.69999694824219,19.6299991607666,N/A
1663881536377949220,96.69999694824219,19.6299991607666,N/A
1663881536427979096,96.69999694824219,19.6299991607666,N/A
1663881536478026208,96.69999694824219,19.6299991607666,N/A
1663881536528320719,96.69999694824219,19.6299991607666,N/A
1663881536578167047,96.69999694824219,19.6299991607666,N/A
1663881536628588212,96.69999694824219,19.6299991607666,N/A
1663881536679456270,96.69999694824219,19.6299991607666,N/A
1663881536728938948,96.69999694824219,19.6299991607666,N/A
1663881536779427159,96.69999694824219,19.6299991607666,N/A
1663881536829439961,96.69999694824219,19.6299991607666,N/A
1663881536836736134,96.69999694824219,19.6299991607666,N/A
1663881536879870703,96.69999694824219,19.6299991607666,N/A
1663881536929666277,96.69999694824219,19.6299991607666,N/A
1663881536980299754,96.69999694824219,19.6299991607666,N/A
1663881537030495174,96.69999694824219,19.6299991607666,N/A
1663881537080590161,96.69999694824219,19.6299991607666,N/A
1663881537130399635,96.69999694824219,19.6299991607666,N/A
1663881537180779158,96.69999694824219,19.6299991607666,N/A
1663881537190255481,96.69999694824219,19.6299991607666,N/A
1663881537230989318,96.69999694824219,19.6299991607666,N/A
1663881537243017996,96.69999694824219,19.6299991607666,N/A
1663881537277131377,96.69999694824219,19.6299991607666,N/A
1663881537278773120,96.69999694824219,19.6299991607666,N/A
1663881537281681180,96.69999694824219,19.6299991607666,N/A
1663881537331725887,96.69999694824219,19.6299991607666,N/A
1663881537381829004,96.69999694824219,19.6299991607666,N/A
1663881537432102285,96.69999694824219,19.6299991607666,N/A
1663881537482111713,96.69999694824219,19.6299991607666,N/A
1663881537532548035,96.69999694824219,19.6299991607666,N/A
1663881537582099077,96.69999694824219,19.6299991607666,N/A
1663881537632734569,96.69999694824219,19.6299991607666,N/A
1663881537682507547,96.69999694824219,19.6299991607666,N/A
1663881537733419840,96.69999694824219,19.6299991607666,N/A
1663881537784374284,96.69999694824219,19.6299991607666,N/A
1663881537833440682,96.69999694824219,19.6299991607666,N/A
1663881537840076327,96.69999694824219,19.6299991607666,N/A
1663881537883853199,96.69999694824219,19.6299991607666,N/A
1663881537934054161,96.69999694824219,19.6299991607666,N/A
1663881537984129727,96.69999694824219,19.6299991607666,N/A
1663881538034421452,96.69999694824219,19.6299991607666,N/A
1663881538084191445,96.69999694824219,19.6299991607666,N/A
1663881538134592140,96.69999694824219,19.6299991607666,N/A
1663881538184940085,96.69999694824219,19.6299991607666,N/A
1663881538193671193,96.69999694824219,19.6299991607666,N/A
1663881538235085162,96.69999694824219,19.6299991607666,N/A
1663881538247341062,96.69999694824219,19.6299991607666,N/A
1663881538280950241,96.69999694824219,19.6299991607666,N/A
1663881538283130403,96.69999694824219,19.6299991607666,N/A
1663881538285599364,96.69999694824219,19.6299991607666,N/A
1663881538335343490,96.69999694824219,19.6299991607666,N/A
1663881538385615376,96.69999694824219,19.6299991607666,N/A
1663881538435430950,96.69999694824219,19.6299991607666,N/A
1663881538486000898,96.69999694824219,19.6299991607666,N/A
1663881538536052519,96.69999694824219,19.6299991607666,N/A
1663881538586110776,96.69999694824219,19.6299991607666,N/A
1663881538636703805,96.69999694824219,19.6299991607666,N/A
1663881538686901378,96.69999694824219,19.6299991607666,N/A
1663881538736785816,96.69999694824219,19.6299991607666,N/A
1663881538787248690,96.69999694824219,19.6299991607666,N/A
1663881538837407509,96.69999694824219,19.6299991607666,N/A
1663881538844678317,96.69999694824219,19.6299991607666,N/A
1663881538887783611,96.69999694824219,19.6299991607666,N/A
1663881538937993793,96.69999694824219,19.6299991607666,N/A
1663881538987766659,96.69999694824219,19.6299991607666,N/A
1663881539038081102,96.69999694824219,19.6299991607666,N/A
1663881539088331601,96.69999694824219,19.6299991607666,N/A
1663881539139179933,96.69999694824219,19.6299991607666,N/A
1663881539188311295,96.69999694824219,19.6299991607666,N/A
1663881539197820529,96.69999694824219,19.6299991607666,N/A
1663881539238772210,96.69999694824219,19.6299991607666,N/A
1663881539252013078,96.69999694824219,19.6299991607666,N/A
1663881539284856083,96.69999694824219,19.6299991607666,N/A
1663881539286635418,96.69999694824219,19.6299991607666,N/A
1663881539290035809,96.69999694824219,19.6299991607666,N/A
1663881539339244016,96.69999694824219,19.6299991607666,N/A
1663881539389890252,96.69999694824219,19.6299991607666,N/A
1663881539440756252,96.69999694824219,19.6299991607666,N/A
1663881539490103957,96.69999694824219,19.6299991607666,N/A
1663881539540015905,96.69999694824219,19.6299991607666,N/A
1663881539590258426,96.69999694824219,19.6299991607666,N/A
1663881539640772604,96.69999694824219,19.6299991607666,N/A
1663881539690644201,96.69999694824219,19.6299991607666,N/A
1663881539740991769,96.69999694824219,19.6299991607666,N/A
1663881539791356822,96.69999694824219,19.6299991607666,N/A
1663881539841152580,96.69999694824219,19.6299991607666,N/A
1663881539848785167,96.69999694824219,19.6299991607666,N/A
1663881539891586823,96.69999694824219,19.6299991607666,N/A
1663881539941316159,96.69999694824219,19.6299991607666,N/A
1663881539991540857,96.69999694824219,19.6299991607666,N/A
1663881540041964536,96.69999694824219,19.6299991607666,N/A
