time,robot_x_axis,robot_y_axis,robot_z_axis
1661981640340116024,0.0863,-0.0528,0.0268
1661981640389146327,0.0863,-0.0528,0.0263
1661981640438421249,0.0863,-0.0528,0.0257
1661981640487531661,0.0863,-0.0528,0.0251
1661981640536625862,0.0863,-0.0528,0.0245
1661981640585934638,0.0863,-0.0528,0.0239
1661981640634868144,0.0863,-0.0528,0.0232
1661981640684087991,0.0863,-0.0528,0.0226
1661981640733210325,0.0863,-0.0528,0.022
1661981640782420396,0.0863,-0.0528,0.0214
1661981640831757545,0.0863,-0.0528,0.0207
1661981640880743026,0.0863,-0.0528,0.0201
1661981640929908514,0.0863,-0.0528,0.0195
1661981640979050636,0.0863,-0.0528,0.0189
1661981641028099060,0.0863,-0.0528,0.0182
1661981641077221632,0.0863,-0.0528,0.0176
1661981641126710176,0.0863,-0.0528,0.017
1661981641179498910,0.0863,-0.0528,0.0164
1661981641228860616,0.0863,-0.0528,0.0157
1661981641278049230,0.0863,-0.0528,0.0151
1661981641327189922,0.0863,-0.0528,0.0145
1661981641376517772,0.0863,-0.0528,0.0138
1661981641425557136,0.0863,-0.0528,0.0132
1661981641474427461,0.0863,-0.0528,0.0126
1661981641523541450,0.0863,-0.0528,0.012
1661981641572828769,0.0863,-0.0528,0.0114
1661981641621927738,0.0863,-0.0528,0.0108
1661981641671117067,0.0863,-0.0528,0.0103
1661981641720197439,0.0863,-0.0528,0.0099
1661981641769453763,0.0863,-0.0528,0.0095
1661981641818561315,0.0863,-0.0528,0.0091
1661981641867898702,0.0863,-0.0528,0.0088
1661981641916786670,0.0863,-0.0528,0.0086
1661981641966014385,0.0863,-0.0528,0.0084
1661981642015476226,0.0863,-0.0528,0.0082
1661981642064440727,0.0863,-0.0528,0.0081
1661981642113649845,0.0863,-0.0528,0.008
1661981642179045200,0.0863,-0.0528,0.008
1661981642228221654,0.0863,-0.0528,0.008
1661981642257037162,0.0863,-0.0528,0.008
1661981642306112051,0.0863,-0.0528,0.008
1661981642355241775,0.0863,-0.0528,0.008
1661981642404508352,0.0863,-0.0528,0.008
1661981642453481197,0.0863,-0.0528,0.008
1661981642502749204,0.0863,-0.0528,0.008
1661981642551952362,0.0863,-0.0528,0.008
1661981642600975275,0.0863,-0.0528,0.008
1661981642653929233,0.0863,-0.0528,0.008
1661981642703333139,0.0863,-0.0528,0.008
1661981642752525806,0.0863,-0.0528,0.008
1661981642801549673,0.0863,-0.0528,0.008
1661981642851155757,0.0863,-0.0528,0.008
1661981642900078535,0.0863,-0.0528,0.008
1661981642949197530,0.0863,-0.0528,0.008
1661981642998428106,0.0863,-0.0528,0.008
1661981643047445297,0.0863,-0.0528,0.008
1661981643096774578,0.0863,-0.0528,0.008
1661981643149654388,0.0863,-0.0528,0.008
1661981643199039936,0.0863,-0.0528,0.008
1661981643248105287,0.0863,-0.0528,0.008
1661981643297357559,0.0863,-0.0528,0.008
1661981643346490383,0.0863,-0.0528,0.008
1661981643395653724,0.0863,-0.0528,0.008
1661981643444790601,0.0863,-0.0528,0.008
1661981643493931531,0.0863,-0.0528,0.008
1661981643543113946,0.0863,-0.0528,0.008
1661981643592545270,0.0863,-0.0528,0.008
1661981643645205497,0.0863,-0.0528,0.008
1661981643694741487,0.0863,-0.0528,0.008
1661981643743863582,0.0863,-0.0528,0.008
1661981643785110473,0.0863,-0.0528,0.008
1661981643821628570,0.0863,-0.0528,0.008
1661981643878993511,0.0863,-0.0527,0.008
1661981643928208351,0.0863,-0.0527,0.008
1661981643977358579,0.0863,-0.0526,0.008
1661981644026448726,0.0863,-0.0524,0.008
1661981644075877904,0.0863,-0.0523,0.008
1661981644128709077,0.0863,-0.0522,0.008
1661981644177981138,0.0863,-0.0521,0.008
1661981644227204322,0.0863,-0.0519,0.008
1661981644284582853,0.0863,-0.0518,0.008
1661981644333872318,0.0863,-0.0517,0.008
1661981644382902622,0.0863,-0.0515,0.008
1661981644431967973,0.0863,-0.0514,0.008
1661981644481147289,0.0863,-0.0513,0.008
1661981644530344724,0.0863,-0.0512,0.008
1661981644579550027,0.0863,-0.051,0.008
1661981644628579616,0.0863,-0.0509,0.008
1661981644686122179,0.0863,-0.0508,0.008
1661981644735335588,0.0863,-0.0506,0.008
1661981644784300565,0.0863,-0.0505,0.008
1661981644833495616,0.0863,-0.0504,0.008
1661981644882595777,0.0863,-0.0503,0.008
1661981644931788444,0.0863,-0.0501,0.008
1661981644981017589,0.0863,-0.05,0.008
1661981645030088424,0.0863,-0.0499,0.008
1661981645087789297,0.0863,-0.0497,0.008
1661981645136671781,0.0863,-0.0496,0.008
1661981645185764551,0.0863,-0.0495,0.008
1661981645234939813,0.0863,-0.0494,0.008
1661981645284018993,0.0863,-0.0492,0.008
1661981645333146333,0.0863,-0.0491,0.008
1661981645382324218,0.0863,-0.049,0.008
1661981645431533813,0.0863,-0.0489,0.008
1661981645488877296,0.0863,-0.0487,0.008
1661981645537998676,0.0863,-0.0486,0.008
1661981645587167024,0.0863,-0.0485,0.008
1661981645640257358,0.0863,-0.0483,0.008
1661981645689616203,0.0863,-0.0482,0.008
1661981645738736152,0.0863,-0.0481,0.008
1661981645788036584,0.0863,-0.048,0.008
1661981645837146520,0.0863,-0.0478,0.008
1661981645894474267,0.0863,-0.0477,0.008
1661981645943656206,0.0863,-0.0476,0.008
1661981645992796659,0.0863,-0.0474,0.008
1661981646041962385,0.0863,-0.0473,0.008
1661981646091369152,0.0863,-0.0472,0.008
1661981646140306234,0.0863,-0.0471,0.008
1661981646189390182,0.0863,-0.0469,0.008
1661981646238640308,0.0863,-0.0468,0.008
1661981646296048402,0.0863,-0.0467,0.008
1661981646345254182,0.0863,-0.0465,0.008
1661981646394360780,0.0863,-0.0464,0.008
1661981646443530559,0.0863,-0.0463,0.008
1661981646492513418,0.0863,-0.0462,0.008
1661981646541654825,0.0863,-0.0461,0.008
1661981646591050148,0.0863,-0.0459,0.008
1661981646640044689,0.0863,-0.0458,0.008
1661981646697307109,0.0863,-0.0457,0.008
1661981646746580839,0.0863,-0.0455,0.008
1661981646795846700,0.0863,-0.0454,0.008
1661981646844971656,0.0863,-0.0453,0.008
1661981646894090890,0.0863,-0.0452,0.008
1661981646943506956,0.0863,-0.045,0.008
1661981646992379665,0.0863,-0.0449,0.008
1661981647041750431,0.0863,-0.0448,0.008
1661981647099065542,0.0863,-0.0446,0.008
1661981647151762008,0.0863,-0.0445,0.008
1661981647201172590,0.0863,-0.0444,0.008
1661981647250356912,0.0863,-0.0443,0.008
1661981647299592018,0.0863,-0.0441,0.008
1661981647348661899,0.0863,-0.044,0.008
1661981647397959947,0.0863,-0.0439,0.008
1661981647447056293,0.0863,-0.0438,0.008
1661981647504329442,0.0863,-0.0436,0.008
1661981647553531408,0.0863,-0.0435,0.008
1661981647602634429,0.0863,-0.0434,0.008
1661981647651916027,0.0863,-0.0432,0.008
1661981647701182365,0.0863,-0.0431,0.008
1661981647750252485,0.0863,-0.043,0.008
1661981647799388170,0.0863,-0.0429,0.008
1661981647848501920,0.0863,-0.0427,0.008
1661981647905712842,0.0863,-0.0426,0.008
1661981647954927682,0.0863,-0.0425,0.008
1661981648004315376,0.0863,-0.0423,0.008
1661981648053290843,0.0863,-0.0422,0.008
1661981648102929830,0.0863,-0.0421,0.008
1661981648151945829,0.0863,-0.042,0.008
1661981648200775384,0.0863,-0.0418,0.008
1661981648249917030,0.0863,-0.0417,0.008
1661981648307077646,0.0863,-0.0416,0.008
1661981648356346368,0.0863,-0.0415,0.008
1661981648405528545,0.0863,-0.0413,0.008
1661981648454622030,0.0863,-0.0412,0.008
1661981648503849267,0.0863,-0.0411,0.008
1661981648553046464,0.0863,-0.041,0.008
1661981648602235078,0.0863,-0.0408,0.008
1661981648655277013,0.0863,-0.0407,0.008
1661981648712741613,0.0863,-0.0405,0.008
1661981648761922359,0.0863,-0.0404,0.008
1661981648811144590,0.0863,-0.0403,0.008
1661981648860303163,0.0863,-0.0402,0.008
1661981648909414291,0.0863,-0.04,0.008
1661981648958475351,0.0863,-0.0399,0.008
1661981649007636308,0.0863,-0.0398,0.008
1661981649057022094,0.0863,-0.0397,0.008
1661981649114379405,0.0863,-0.0395,0.008
1661981649163401126,0.0863,-0.0394,0.008
1661981649212500333,0.0863,-0.0393,0.008
1661981649261709451,0.0863,-0.0392,0.008
1661981649310717344,0.0863,-0.039,0.008
1661981649359935283,0.0863,-0.0389,0.008
1661981649409034967,0.0863,-0.0388,0.008
1661981649458200216,0.0863,-0.0387,0.008
1661981649515723943,0.0863,-0.0385,0.008
1661981649564784526,0.0863,-0.0384,0.008
1661981649613944530,0.0863,-0.0383,0.008
1661981649663142204,0.0863,-0.0381,0.008
1661981649714793920,0.0863,-0.038,0.008
1661981649765157699,0.0863,-0.0379,0.008
1661981649814712047,0.0863,-0.0378,0.008
1661981649863919258,0.0863,-0.0376,0.008
1661981649921095132,0.0863,-0.0375,0.008
1661981649970274925,0.0863,-0.0374,0.008
1661981650019526958,0.0863,-0.0372,0.008
1661981650068635940,0.0863,-0.0371,0.008
1661981650118097066,0.0863,-0.037,0.008
1661981650171173095,0.0863,-0.0369,0.008
1661981650220232963,0.0863,-0.0367,0.008
1661981650269345760,0.0863,-0.0366,0.008
1661981650326614379,0.0863,-0.0365,0.008
1661981650375927209,0.0863,-0.0363,0.008
1661981650425126314,0.0863,-0.0362,0.008
1661981650474313020,0.0863,-0.0361,0.008
1661981650523429632,0.0863,-0.036,0.008
1661981650572520971,0.0863,-0.0358,0.008
1661981650621625900,0.0863,-0.0357,0.008
1661981650670902967,0.0863,-0.0356,0.008
1661981650728121995,0.0863,-0.0354,0.008
1661981650777234315,0.0863,-0.0353,0.008
1661981650826527595,0.0863,-0.0352,0.008
1661981650875630855,0.0863,-0.0351,0.008
1661981650924840688,0.0863,-0.0349,0.008
1661981650973846197,0.0863,-0.0348,0.008
1661981651023034095,0.0863,-0.0347,0.008
1661981651072175264,0.0863,-0.0346,0.008
1661981651129874944,0.0863,-0.0344,0.008
1661981651178701877,0.0863,-0.0343,0.008
1661981651227907419,0.0863,-0.0342,0.008
1661981651277005672,0.0863,-0.034,0.008
1661981651326179981,0.0863,-0.0339,0.008
1661981651375322103,0.0863,-0.0338,0.008
1661981651424494504,0.0863,-0.0337,0.008
1661981651473620891,0.0863,-0.0335,0.008
1661981651531169652,0.0863,-0.0334,0.008
1661981651580221891,0.0863,-0.0333,0.008
1661981651629487752,0.0863,-0.0331,0.008
1661981651682329177,0.0863,-0.033,0.008
1661981651731738805,0.0863,-0.0329,0.008
1661981651781042337,0.0863,-0.0328,0.008
1661981651830125808,0.0863,-0.0326,0.008
1661981651879185438,0.0863,-0.0325,0.008
1661981651936494588,0.0863,-0.0324,0.008
1661981651985630512,0.0863,-0.0322,0.008
1661981652034931659,0.0863,-0.0321,0.008
1661981652084018230,0.0863,-0.032,0.008
1661981652133333206,0.0863,-0.0319,0.008
1661981652182400226,0.0863,-0.0317,0.008
1661981652231390237,0.0863,-0.0316,0.008
1661981652280606746,0.0863,-0.0315,0.008
1661981652337953805,0.0863,-0.0314,0.008
1661981652387113332,0.0863,-0.0312,0.008
1661981652436370611,0.0863,-0.0311,0.008
1661981652485491275,0.0863,-0.031,0.008
1661981652534754514,0.0863,-0.0309,0.008
1661981652583848714,0.0863,-0.0307,0.008
1661981652632931232,0.0863,-0.0306,0.008
1661981652682292222,0.0863,-0.0305,0.008
1661981652739440441,0.0863,-0.0303,0.008
1661981652788646936,0.0863,-0.0302,0.008
1661981652837765932,0.0863,-0.0301,0.008
1661981652887022495,0.0863,-0.03,0.008
1661981652936162710,0.0863,-0.0298,0.008
1661981652985333681,0.0863,-0.0297,0.008
1661981653034496068,0.0863,-0.0296,0.008
1661981653083499670,0.0863,-0.0295,0.008
1661981653141032934,0.0863,-0.0293,0.008
1661981653193925857,0.0863,-0.0292,0.008
1661981653243219375,0.0863,-0.0291,0.008
1661981653292423725,0.0863,-0.0289,0.008
1661981653341985225,0.0863,-0.0288,0.008
1661981653390816926,0.0863,-0.0287,0.008
1661981653440145969,0.0863,-0.0286,0.008
1661981653489158391,0.0863,-0.0284,0.008
1661981653546529769,0.0863,-0.0283,0.008
1661981653595620632,0.0863,-0.0282,0.008
1661981653644838809,0.0863,-0.028,0.008
1661981653693882942,0.0863,-0.0279,0.008
1661981653743042707,0.0863,-0.0278,0.008
1661981653792168140,0.0863,-0.0277,0.008
1661981653841317176,0.0863,-0.0275,0.008
1661981653890517950,0.0863,-0.0274,0.008
1661981653947938203,0.0863,-0.0273,0.008
1661981653997171401,0.0863,-0.0271,0.008
1661981654046228885,0.0863,-0.027,0.008
1661981654095652341,0.0863,-0.0269,0.008
1661981654145084857,0.0863,-0.0268,0.008
1661981654193819999,0.0863,-0.0266,0.008
1661981654243023157,0.0863,-0.0265,0.008
1661981654291945695,0.0863,-0.0264,0.008
1661981654349383831,0.0863,-0.0263,0.008
1661981654398693084,0.0863,-0.0261,0.008
1661981654447700738,0.0863,-0.026,0.008
1661981654496776103,0.0863,-0.0259,0.008
1661981654545905113,0.0863,-0.0258,0.008
1661981654595165967,0.0863,-0.0256,0.008
1661981654644277334,0.0863,-0.0255,0.008
1661981654697183370,0.0863,-0.0254,0.008
1661981654755085706,0.0863,-0.0252,0.008
1661981654804116010,0.0863,-0.0251,0.008
1661981654853221178,0.0863,-0.025,0.008
1661981654902345418,0.0863,-0.0248,0.008
1661981654951422691,0.0863,-0.0247,0.008
1661981655000712394,0.0863,-0.0246,0.008
1661981655050004720,0.0863,-0.0245,0.008
1661981655099141359,0.0863,-0.0243,0.008
1661981655156612396,0.0863,-0.0242,0.008
1661981655205501079,0.0863,-0.0241,0.008
1661981655254683732,0.0863,-0.024,0.008
1661981655303749084,0.0863,-0.0238,0.008
1661981655353030443,0.0863,-0.0237,0.008
1661981655402134180,0.0863,-0.0236,0.008
1661981655451439142,0.0863,-0.0235,0.008
1661981655500564575,0.0863,-0.0233,0.008
1661981655557919979,0.0863,-0.0232,0.008
1661981655606963396,0.0863,-0.0231,0.008
1661981655656199216,0.0863,-0.0229,0.008
1661981655705287456,0.0863,-0.0228,0.008
1661981655754375696,0.0863,-0.0227,0.008
1661981655803564786,0.0863,-0.0226,0.008
1661981655852832317,0.0863,-0.0224,0.008
1661981655901930332,0.0863,-0.0223,0.008
1661981655959116697,0.0863,-0.0222,0.008
1661981656008265972,0.0863,-0.022,0.008
1661981656057520866,0.0863,-0.0219,0.008
1661981656106804847,0.0863,-0.0218,0.008
1661981656156083822,0.0863,-0.0217,0.008
1661981656208864450,0.0863,-0.0215,0.008
1661981656258176803,0.0863,-0.0214,0.008
1661981656307366371,0.0863,-0.0213,0.008
1661981656364745140,0.0863,-0.0211,0.008
1661981656413894653,0.0863,-0.021,0.008
1661981656463094711,0.0863,-0.0209,0.008
1661981656512351274,0.0863,-0.0208,0.008
1661981656561451196,0.0863,-0.0206,0.008
1661981656610609054,0.0863,-0.0205,0.008
1661981656659707069,0.0863,-0.0204,0.008
1661981656709022045,0.0863,-0.0203,0.008
1661981656766159296,0.0863,-0.0201,0.008
1661981656815529108,0.0863,-0.02,0.008
1661981656864635705,0.0863,-0.0199,0.008
1661981656913595199,0.0863,-0.0197,0.008
1661981656962796211,0.0863,-0.0196,0.008
1661981657012128114,0.0863,-0.0195,0.008
1661981657061363458,0.0863,-0.0194,0.008
1661981657110368490,0.0863,-0.0192,0.008
1661981657167884111,0.0863,-0.0191,0.008
1661981657216964721,0.0863,-0.019,0.008
1661981657265964984,0.0863,-0.0189,0.008
1661981657315122365,0.0863,-0.0187,0.008
1661981657364291667,0.0863,-0.0186,0.008
1661981657413367509,0.0863,-0.0185,0.008
1661981657462621688,0.0863,-0.0184,0.008
1661981657511750459,0.0863,-0.0182,0.008
1661981657569004535,0.0863,-0.0181,0.008
1661981657618303060,0.0863,-0.018,0.008
1661981657667471885,0.0863,-0.0178,0.008
1661981657720453023,0.0863,-0.0177,0.008
1661981657769866943,0.0863,-0.0176,0.008
1661981657818984985,0.0863,-0.0174,0.008
1661981657868222713,0.0863,-0.0173,0.008
1661981657917444467,0.0863,-0.0172,0.008
1661981657974711179,0.0863,-0.0171,0.008
1661981658023834228,0.0863,-0.0169,0.008
1661981658073052167,0.0863,-0.0168,0.008
1661981658122185230,0.0863,-0.0167,0.008
1661981658171524047,0.0863,-0.0166,0.008
1661981658220478057,0.0863,-0.0164,0.008
1661981658269613981,0.0863,-0.0163,0.008
1661981658318758726,0.0863,-0.0162,0.008
1661981658376132249,0.0863,-0.016,0.008
1661981658425276517,0.0863,-0.0159,0.008
1661981658474563598,0.0863,-0.0158,0.008
1661981658523663282,0.0863,-0.0157,0.008
1661981658573027610,0.0863,-0.0155,0.008
1661981658622133255,0.0863,-0.0154,0.008
1661981658672082185,0.0863,-0.0153,0.008
1661981658720589637,0.0863,-0.0152,0.008
1661981658777471065,0.0863,-0.015,0.008
1661981658826685428,0.0863,-0.0149,0.008
1661981658876003026,0.0863,-0.0148,0.008
1661981658925010442,0.0863,-0.0146,0.008
1661981658974108457,0.0863,-0.0145,0.008
1661981659023352622,0.0863,-0.0144,0.008
1661981659072496891,0.0863,-0.0143,0.008
1661981659121571540,0.0863,-0.0141,0.008
1661981659179137468,0.0863,-0.014,0.008
1661981659232044458,0.0863,-0.0139,0.008
1661981659281211614,0.0863,-0.0137,0.008
1661981659330494165,0.0863,-0.0136,0.008
1661981659379638433,0.0863,-0.0135,0.008
1661981659428683042,0.0863,-0.0134,0.008
1661981659477895975,0.0863,-0.0132,0.008
1661981659527136802,0.0863,-0.0131,0.008
1661981659584564924,0.0863,-0.013,0.008
1661981659633620023,0.0863,-0.0129,0.008
1661981659682981967,0.0863,-0.0127,0.008
1661981659732067346,0.0863,-0.0126,0.008
1661981659781207561,0.0863,-0.0125,0.008
1661981659830340623,0.0863,-0.0124,0.008
1661981659879472017,0.0863,-0.0122,0.008
1661981659928591012,0.0863,-0.0121,0.008
1661981659985887527,0.0863,-0.012,0.008
1661981660035093545,0.0863,-0.0119,0.008
1661981660084200620,0.0863,-0.0117,0.008
1661981660133347511,0.0863,-0.0116,0.008
1661981660182777881,0.0863,-0.0115,0.008
1661981660231803417,0.0863,-0.0114,0.008
1661981660281017303,0.0863,-0.0112,0.008
1661981660330180168,0.0863,-0.0111,0.008
1661981660387406587,0.0863,-0.011,0.008
1661981660436598777,0.0863,-0.0108,0.008
1661981660485753536,0.0863,-0.0107,0.008
1661981660534955978,0.0863,-0.0106,0.008
1661981660584024667,0.0863,-0.0105,0.008
1661981660633182287,0.0863,-0.0104,0.008
1661981660682514905,0.0863,-0.0102,0.008
1661981660735342025,0.0863,-0.0101,0.008
1661981660792874336,0.0863,-0.0099,0.008
1661981660842105865,0.0863,-0.0098,0.008
1661981660891217470,0.0863,-0.0097,0.008
1661981660940397262,0.0863,-0.0096,0.008
1661981660989536285,0.0863,-0.0095,0.008
1661981661038823604,0.0863,-0.0093,0.008
1661981661088179349,0.0863,-0.0092,0.008
1661981661137090444,0.0863,-0.0091,0.008
1661981661194792985,0.0863,-0.0089,0.008
1661981661243649005,0.0863,-0.0088,0.008
1661981661292695999,0.0863,-0.0087,0.008
1661981661341784477,0.0863,-0.0086,0.008
1661981661391191482,0.0863,-0.0085,0.008
1661981661440257549,0.0863,-0.0083,0.008
1661981661489334583,0.0863,-0.0082,0.008
1661981661538461208,0.0863,-0.0081,0.008
1661981661595889568,0.0863,-0.0079,0.008
1661981661645070075,0.0863,-0.0078,0.008
1661981661694088220,0.0863,-0.0077,0.008
1661981661743340730,0.0863,-0.0076,0.008
1661981661792702913,0.0863,-0.0075,0.008
1661981661841547250,0.0863,-0.0073,0.008
1661981661890748500,0.0863,-0.0072,0.008
1661981661939907550,0.0863,-0.0071,0.008
1661981661997197151,0.0863,-0.0069,0.008
1661981662046369552,0.0863,-0.0068,0.008
1661981662095736265,0.0863,-0.0067,0.008
1661981662144711494,0.0863,-0.0066,0.008
1661981662194227933,0.0863,-0.0065,0.008
1661981662246897459,0.0863,-0.0063,0.008
1661981662296399354,0.0863,-0.0062,0.008
1661981662345587015,0.0863,-0.0061,0.008
1661981662402813434,0.0863,-0.0059,0.008
1661981662451899290,0.0863,-0.0058,0.008
1661981662501075029,0.0863,-0.0057,0.008
1661981662550236463,0.0863,-0.0056,0.008
1661981662599497556,0.0863,-0.0055,0.008
1661981662648573875,0.0863,-0.0053,0.008
1661981662697760820,0.0863,-0.0052,0.008
1661981662747016668,0.0863,-0.0051,0.008
1661981662804133415,0.0863,-0.0049,0.008
1661981662853370666,0.0863,-0.0048,0.008
1661981662902697324,0.0863,-0.0047,0.008
1661981662951666355,0.0863,-0.0046,0.008
1661981663000989437,0.0863,-0.0045,0.008
1661981663050071239,0.0863,-0.0043,0.008
1661981663099240303,0.0863,-0.0042,0.008
1661981663148415565,0.0863,-0.0041,0.008
1661981663205841064,0.0863,-0.0039,0.008
1661981663254918575,0.0863,-0.0038,0.008
1661981663303971767,0.0863,-0.0037,0.008
1661981663353236198,0.0863,-0.0036,0.008
1661981663402504205,0.0863,-0.0035,0.008
1661981663451601505,0.0863,-0.0033,0.008
1661981663500909328,0.0863,-0.0032,0.008
1661981663550051927,0.0863,-0.0031,0.008
1661981663607132673,0.0863,-0.0029,0.008
1661981663656343221,0.0863,-0.0028,0.008
1661981663705512523,0.0863,-0.0027,0.008
1661981663758426189,0.0863,-0.0026,0.008
1661981663807782888,0.0863,-0.0024,0.008
1661981663856858968,0.0863,-0.0023,0.008
1661981663906120538,0.0863,-0.0022,0.008
1661981663955349922,0.0863,-0.0021,0.008
1661981664012733697,0.0863,-0.0019,0.008
1661981664061755895,0.0863,-0.0018,0.008
1661981664111039400,0.0863,-0.0017,0.008
1661981664160070657,0.0863,-0.0016,0.008
1661981664209455013,0.0863,-0.0015,0.008
1661981664258616209,0.0863,-0.0013,0.008
1661981664307546377,0.0863,-0.0012,0.008
1661981664356632947,0.0863,-0.0011,0.008
1661981664414172649,0.0863,-0.0009,0.008
1661981664463146924,0.0863,-0.0008,0.008
1661981664512436628,0.0863,-0.0007,0.008
1661981664561498165,0.0863,-0.0006,0.008
1661981664610712289,0.0863,-0.0005,0.008
1661981664659921646,0.0863,-0.0003,0.008
1661981664709101200,0.0863,-0.0002,0.008
1661981664758252620,0.0863,-0.0001,0.008
1661981664815392732,0.0863,0.0001,0.008
1661981664864610671,0.0863,0.0002,0.008
1661981664913782596,0.0863,0.0003,0.008
1661981664963095664,0.0863,0.0004,0.008
1661981665012171030,0.0863,0.0005,0.008
1661981665061205387,0.0863,0.0007,0.008
1661981665110677242,0.0863,0.0008,0.008
1661981665159813642,0.0863,0.0009,0.008
1661981665217145442,0.0863,0.0011,0.008
1661981665270080566,0.0863,0.0012,0.008
1661981665319533109,0.0863,0.0013,0.008
1661981665368635654,0.0863,0.0014,0.008
1661981665417864561,0.0863,0.0015,0.008
1661981665466959476,0.0863,0.0017,0.008
1661981665516146183,0.0863,0.0018,0.008
1661981665565274953,0.0863,0.0019,0.008
1661981665622522592,0.0863,0.0021,0.008
1661981665671701669,0.0863,0.0022,0.008
1661981665720977306,0.0863,0.0023,0.008
1661981665770217418,0.0863,0.0024,0.008
1661981665819223403,0.0863,0.0025,0.008
1661981665868366003,0.0863,0.0027,0.008
1661981665917500257,0.0863,0.0028,0.008
1661981665966656923,0.0863,0.0029,0.008
1661981666023909091,0.0863,0.0031,0.008
1661981666073123216,0.0863,0.0032,0.008
1661981666122430801,0.0863,0.0033,0.008
1661981666171411752,0.0863,0.0034,0.008
1661981666220845222,0.0863,0.0035,0.008
1661981666269792079,0.0863,0.0037,0.008
1661981666318892955,0.0863,0.0038,0.008
1661981666368114471,0.0863,0.0039,0.008
1661981666425330877,0.0863,0.0041,0.008
1661981666474568128,0.0863,0.0042,0.008
1661981666524010896,0.0863,0.0043,0.008
1661981666572970151,0.0863,0.0044,0.008
1661981666622099399,0.0863,0.0045,0.008
1661981666671251773,0.0863,0.0047,0.008
1661981666720412254,0.0863,0.0048,0.008
1661981666773409605,0.0863,0.0049,0.008
1661981666830927371,0.0863,0.0051,0.008
1661981666880197286,0.0863,0.0052,0.008
1661981666929315567,0.0863,0.0053,0.008
1661981666978474855,0.0863,0.0054,0.008
1661981667027604579,0.0863,0.0055,0.008
1661981667076781749,0.0863,0.0057,0.008
1661981667125839948,0.0863,0.0058,0.008
1661981667175019025,0.0863,0.0059,0.008
1661981667232712268,0.0863,0.0061,0.008
1661981667281637191,0.0863,0.0062,0.008
1661981667330801963,0.0863,0.0063,0.008
1661981667379977226,0.0863,0.0064,0.008
1661981667429024934,0.0863,0.0065,0.008
1661981667478149652,0.0863,0.0067,0.008
1661981667527408599,0.0863,0.0068,0.008
1661981667576428174,0.0863,0.0069,0.008
1661981667633686780,0.0863,0.0071,0.008
1661981667682995796,0.0863,0.0072,0.008
1661981667732321500,0.0863,0.0073,0.008
1661981667781389236,0.0863,0.0074,0.008
1661981667830691576,0.0863,0.0075,0.008
1661981667879702329,0.0863,0.0077,0.008
1661981667928754329,0.0863,0.0078,0.008
1661981667978023052,0.0863,0.0079,0.008
1661981668035252571,0.0863,0.008,0.008
1661981668084496021,0.0863,0.0082,0.008
1661981668133561611,0.0863,0.0083,0.008
1661981668182682037,0.0863,0.0084,0.008
1661981668232123136,0.0863,0.0085,0.008
1661981668284976720,0.0863,0.0087,0.008
1661981668334399700,0.0863,0.0088,0.008
1661981668383700132,0.0863,0.0089,0.008
1661981668440804243,0.0863,0.0091,0.008
1661981668490002632,0.0863,0.0092,0.008
1661981668539260149,0.0863,0.0093,0.008
1661981668588329792,0.0863,0.0094,0.008
1661981668637486696,0.0863,0.0095,0.008
1661981668686736583,0.0863,0.0097,0.008
1661981668735855102,0.0863,0.0098,0.008
1661981668785036087,0.0863,0.0099,0.008
1661981668842324495,0.0863,0.0101,0.008
1661981668891424179,0.0863,0.0102,0.008
1661981668940645694,0.0863,0.0103,0.008
1661981668990028619,0.0863,0.0104,0.008
1661981669039099931,0.0863,0.0105,0.008
1661981669088100910,0.0863,0.0107,0.008
1661981669137297868,0.0863,0.0108,0.008
1661981669186385154,0.0863,0.0109,0.008
1661981669243954420,0.0863,0.0111,0.008
1661981669293067216,0.0863,0.0112,0.008
1661981669342005729,0.0863,0.0113,0.008
1661981669391259908,0.0863,0.0114,0.008
1661981669440411090,0.0863,0.0115,0.008
1661981669489732503,0.0863,0.0117,0.008
1661981669538687467,0.0863,0.0118,0.008
1661981669587765455,0.0863,0.0119,0.008
1661981669645084619,0.0863,0.0121,0.008
1661981669694363832,0.0863,0.0122,0.008
1661981669743630409,0.0863,0.0123,0.008
1661981669796488046,0.0863,0.0124,0.008
1661981669845898151,0.0863,0.0126,0.008
1661981669895142555,0.0863,0.0127,0.008
1661981669944343090,0.0863,0.0128,0.008
1661981669993444681,0.0863,0.0129,0.008
1661981670050769329,0.0863,0.0131,0.008
1661981670099973917,0.0863,0.0132,0.008
1661981670149010658,0.0863,0.0133,0.008
1661981670198257446,0.0863,0.0134,0.008
1661981670247606754,0.0863,0.0135,0.008
1661981670296670913,0.0863,0.0137,0.008
1661981670345784902,0.0863,0.0138,0.008
1661981670394782304,0.0863,0.0139,0.008
1661981670452058792,0.0863,0.0141,0.008
1661981670501274108,0.0863,0.0142,0.008
1661981670550414323,0.0863,0.0143,0.008
1661981670599655866,0.0863,0.0144,0.008
1661981670648760557,0.0863,0.0145,0.008
1661981670697960615,0.0863,0.0147,0.008
1661981670747069597,0.0863,0.0148,0.008
1661981670796463727,0.0863,0.0149,0.008
1661981670853567600,0.0863,0.0151,0.008
1661981670902684450,0.0863,0.0152,0.008
1661981670951944351,0.0863,0.0153,0.008
1661981671001029014,0.0863,0.0154,0.008
1661981671050342798,0.0863,0.0155,0.008
1661981671099488258,0.0863,0.0157,0.008
1661981671148610830,0.0863,0.0158,0.008
1661981671197772026,0.0863,0.0159,0.008
1661981671255219697,0.0863,0.0161,0.008
1661981671308089494,0.0863,0.0162,0.008
1661981671357350826,0.0863,0.0163,0.008
1661981671406635046,0.0863,0.0164,0.008
1661981671455966234,0.0863,0.0165,0.008
1661981671504988193,0.0863,0.0167,0.008
1661981671554146289,0.0863,0.0168,0.008
1661981671603250503,0.0863,0.0169,0.008
1661981671660593986,0.0863,0.0171,0.008
1661981671709775686,0.0863,0.0172,0.008
1661981671759004831,0.0863,0.0173,0.008
1661981671808056592,0.0863,0.0174,0.008
1661981671857183456,0.0863,0.0175,0.008
1661981671906488656,0.0863,0.0177,0.008
1661981671955504655,0.0863,0.0178,0.008
1661981672004614114,0.0863,0.0179,0.008
1661981672061952352,0.0863,0.0181,0.008
1661981672111218929,0.0863,0.0182,0.008
1661981672160326957,0.0863,0.0183,0.008
1661981672209514379,0.0863,0.0184,0.008
1661981672258964538,0.0863,0.0185,0.008
1661981672307905673,0.0863,0.0187,0.008
1661981672356940031,0.0863,0.0188,0.008
1661981672406184434,0.0863,0.0189,0.008
1661981672463394880,0.0863,0.0191,0.008
1661981672512664079,0.0863,0.0192,0.008
1661981672561796188,0.0863,0.0193,0.008
1661981672610979080,0.0863,0.0194,0.008
1661981672660055398,0.0863,0.0195,0.008
1661981672709332704,0.0863,0.0197,0.008
1661981672758364200,0.0863,0.0198,0.008
1661981672811362743,0.0863,0.0199,0.008
1661981672869058609,0.0863,0.0201,0.008
1661981672918283462,0.0863,0.0202,0.008
1661981672967447757,0.0863,0.0203,0.008
1661981673016486644,0.0863,0.0204,0.008
1661981673065720081,0.0863,0.0205,0.008
1661981673114854574,0.0863,0.0207,0.008
1661981673164084672,0.0863,0.0208,0.008
1661981673213110685,0.0863,0.0209,0.008
1661981673270614385,0.0863,0.0211,0.008
1661981673319830894,0.0863,0.0212,0.008
1661981673368919849,0.0863,0.0213,0.008
1661981673418231964,0.0863,0.0214,0.008
1661981673467078208,0.0863,0.0215,0.008
1661981673516390562,0.0863,0.0217,0.008
1661981673565410614,0.0863,0.0218,0.008
1661981673614572763,0.0863,0.0219,0.008
1661981673671752214,0.0863,0.0221,0.008
1661981673721048593,0.0863,0.0222,0.008
1661981673770293474,0.0863,0.0223,0.008
1661981673819319963,0.0863,0.0224,0.008
1661981673869176864,0.0863,0.0225,0.008
1661981673917926311,0.0863,0.0227,0.008
1661981673966898441,0.0863,0.0228,0.008
1661981674016101360,0.0863,0.0229,0.008
1661981674073487281,0.0863,0.023,0.008
1661981674122596263,0.0863,0.0232,0.008
1661981674171627044,0.0863,0.0233,0.008
1661981674220820665,0.0863,0.0234,0.008
1661981674270219326,0.0863,0.0235,0.008
1661981674323197841,0.0863,0.0237,0.008
1661981674372411966,0.0863,0.0238,0.008
1661981674421537876,0.0863,0.0239,0.008
1661981674478908777,0.0863,0.0241,0.008
1661981674528000116,0.0863,0.0242,0.008
1661981674577150106,0.0863,0.0243,0.008
1661981674626391410,0.0863,0.0244,0.008
1661981674675531148,0.0863,0.0245,0.008
1661981674724578619,0.0863,0.0247,0.008
1661981674773774385,0.0863,0.0248,0.008
1661981674823073387,0.0863,0.0249,0.008
1661981674880195379,0.0863,0.0251,0.008
1661981674929402112,0.0863,0.0252,0.008
1661981674978721141,0.0863,0.0253,0.008
1661981675027836084,0.0863,0.0254,0.008
1661981675076851129,0.0863,0.0255,0.008
1661981675125972509,0.0863,0.0257,0.008
1661981675175085544,0.0863,0.0258,0.008
1661981675224277257,0.0863,0.0259,0.008
1661981675281854391,0.0863,0.0261,0.008
1661981675331002473,0.0863,0.0262,0.008
1661981675379964828,0.0863,0.0263,0.008
1661981675429209232,0.0863,0.0264,0.008
1661981675478293180,0.0863,0.0265,0.008
1661981675527642726,0.0863,0.0267,0.008
1661981675576633930,0.0863,0.0268,0.008
1661981675625726461,0.0863,0.0269,0.008
1661981675683046579,0.0863,0.0271,0.008
1661981675732251405,0.0863,0.0272,0.008
1661981675781392097,0.0863,0.0273,0.008
1661981675834521532,0.0863,0.0274,0.008
1661981675883941650,0.0863,0.0276,0.008
1661981675933120489,0.0863,0.0277,0.008
1661981675982304811,0.0863,0.0278,0.008
1661981676031335592,0.0863,0.0279,0.008
1661981676088626146,0.0863,0.0281,0.008
1661981676137917041,0.0863,0.0282,0.008
1661981676187028408,0.0863,0.0283,0.008
1661981676236157178,0.0863,0.0284,0.008
1661981676285632610,0.0863,0.0285,0.008
1661981676334598302,0.0863,0.0287,0.008
1661981676383611440,0.0863,0.0288,0.008
1661981676432720661,0.0863,0.0289,0.008
1661981676490318536,0.0863,0.0291,0.008
1661981676539441347,0.0863,0.0292,0.008
1661981676588608980,0.0863,0.0293,0.008
1661981676637631654,0.0863,0.0294,0.008
1661981676686758995,0.0863,0.0295,0.008
1661981676736133098,0.0863,0.0297,0.008
1661981676785109519,0.0863,0.0298,0.008
1661981676834310293,0.0863,0.0299,0.008
1661981676891807317,0.0863,0.0301,0.008
1661981676940873146,0.0863,0.0302,0.008
1661981676990043878,0.0863,0.0303,0.008
1661981677039117574,0.0863,0.0304,0.008
1661981677088383197,0.0863,0.0305,0.008
1661981677137346029,0.0863,0.0307,0.008
1661981677186643123,0.0863,0.0308,0.008
1661981677235774040,0.0863,0.0309,0.008
1661981677293354511,0.0863,0.0311,0.008
1661981677346146345,0.0863,0.0312,0.008
1661981677395478963,0.0863,0.0313,0.008
1661981677444712877,0.0863,0.0314,0.008
1661981677493795871,0.0863,0.0315,0.008
1661981677542965173,0.0863,0.0317,0.008
1661981677592082023,0.0863,0.0318,0.008
1661981677641256332,0.0863,0.0319,0.008
1661981677698573350,0.0863,0.0321,0.008
1661981677747676372,0.0863,0.0322,0.008
1661981677796879768,0.0863,0.0323,0.008
1661981677846022367,0.0863,0.0324,0.008
1661981677895176887,0.0863,0.0325,0.008
1661981677944479942,0.0863,0.0327,0.008
1661981677993623256,0.0863,0.0328,0.008
1661981678042814493,0.0863,0.0329,0.008
1661981678100032329,0.0863,0.0331,0.008
1661981678149132490,0.0863,0.0332,0.008
1661981678198320150,0.0863,0.0333,0.008
1661981678247470617,0.0863,0.0334,0.008
1661981678296960353,0.0863,0.0335,0.008
1661981678345856666,0.0863,0.0337,0.008
1661981678395047664,0.0863,0.0338,0.008
1661981678444165706,0.0863,0.0339,0.008
1661981678501506567,0.0863,0.0341,0.008
1661981678551213026,0.0863,0.0342,0.008
1661981678600176572,0.0863,0.0343,0.008
1661981678649399280,0.0863,0.0344,0.008
1661981678698312520,0.0863,0.0345,0.008
1661981678747258901,0.0863,0.0347,0.008
1661981678796435594,0.0863,0.0348,0.008
1661981678849487781,0.0863,0.0349,0.008
1661981678907070875,0.0863,0.0351,0.008
1661981678956274747,0.0863,0.0352,0.008
1661981679005369424,0.0863,0.0353,0.008
1661981679054498672,0.0863,0.0354,0.008
1661981679103622913,0.0863,0.0355,0.008
1661981679152805328,0.0863,0.0357,0.008
1661981679202043056,0.0863,0.0358,0.008
1661981679251114606,0.0863,0.0359,0.008
1661981679308722019,0.0863,0.0361,0.008
1661981679357662439,0.0863,0.0362,0.008
1661981679406926870,0.0863,0.0363,0.008
1661981679456037044,0.0863,0.0364,0.008
1661981679505141496,0.0863,0.0365,0.008
1661981679554304361,0.0863,0.0367,0.008
1661981679603380680,0.0863,0.0368,0.008
1661981679652652025,0.0863,0.0369,0.008
1661981679709928274,0.0863,0.0371,0.008
1661981679759026288,0.0863,0.0372,0.008
1661981679809005737,0.0863,0.0373,0.008
1661981679857406139,0.0863,0.0374,0.008
1661981679906502962,0.0863,0.0375,0.008
1661981679955577135,0.0863,0.0377,0.008
1661981680004791736,0.0863,0.0378,0.008
1661981680053864479,0.0863,0.0379,0.008
1661981680111173152,0.0863,0.038,0.008
1661981680160539627,0.0863,0.0382,0.008
1661981680209596157,0.0863,0.0383,0.008
1661981680258763790,0.0863,0.0384,0.008
1661981680308177232,0.0863,0.0385,0.008
1661981680360895156,0.0863,0.0387,0.008
1661981680410454988,0.0863,0.0388,0.008
1661981680459640502,0.0863,0.0389,0.008
1661981680516866922,0.0863,0.0391,0.008
1661981680565998315,0.0863,0.0392,0.008
1661981680615364789,0.0863,0.0393,0.008
1661981680664540529,0.0863,0.0394,0.008
1661981680713647127,0.0863,0.0395,0.008
1661981680762738227,0.0863,0.0397,0.008
1661981680811861276,0.0863,0.0398,0.008
1661981680860950946,0.0863,0.0399,0.008
1661981680918261528,0.0863,0.0401,0.008
1661981680967566967,0.0863,0.0402,0.008
1661981681016663074,0.0863,0.0403,0.008
1661981681065815210,0.0863,0.0404,0.008
1661981681114906787,0.0863,0.0405,0.008
1661981681164065599,0.0863,0.0407,0.008
1661981681213244438,0.0863,0.0408,0.008
1661981681262399196,0.0863,0.0409,0.008
1661981681320078611,0.0863,0.0411,0.008
1661981681368889808,0.0863,0.0412,0.008
1661981681418270111,0.0863,0.0413,0.008
1661981681467346429,0.0863,0.0414,0.008
1661981681516548156,0.0863,0.0415,0.008
1661981681565500974,0.0863,0.0417,0.008
1661981681614728450,0.0863,0.0418,0.008
1661981681664018869,0.0863,0.0419,0.008
1661981681721112728,0.0863,0.0421,0.008
1661981681770315885,0.0863,0.0422,0.008
1661981681819493532,0.0863,0.0423,0.008
1661981681872577428,0.0863,0.0424,0.008
1661981681921976566,0.0863,0.0426,0.008
1661981681971147298,0.0863,0.0427,0.008
1661981682020227909,0.0863,0.0428,0.008
1661981682069395303,0.0863,0.0429,0.008
1661981682126700401,0.0863,0.0431,0.008
1661981682177613735,0.0863,0.0432,0.008
1661981682225495815,0.0863,0.0433,0.008
1661981682274306535,0.0863,0.0434,0.008
1661981682323504447,0.0863,0.0435,0.008
1661981682372429847,0.0863,0.0437,0.008
1661981682421614646,0.0863,0.0438,0.008
1661981682470859527,0.0863,0.0439,0.008
1661981682528195142,0.0863,0.0441,0.008
1661981682577282905,0.0863,0.0442,0.008
1661981682626472949,0.0863,0.0443,0.008
1661981682675595998,0.0863,0.0444,0.008
1661981682724773406,0.0863,0.0445,0.008
1661981682774036169,0.0863,0.0447,0.008
1661981682823199510,0.0863,0.0448,0.008
1661981682872357845,0.0863,0.0449,0.008
1661981682929591178,0.0863,0.0451,0.008
1661981682978744506,0.0863,0.0452,0.008
1661981683027968168,0.0863,0.0453,0.008
1661981683077137470,0.0863,0.0454,0.008
1661981683126306533,0.0863,0.0455,0.008
1661981683175435781,0.0863,0.0457,0.008
1661981683224591732,0.0863,0.0458,0.008
1661981683273734807,0.0863,0.0459,0.008
1661981683331362962,0.0863,0.0461,0.008
1661981683384111404,0.0863,0.0462,0.008
1661981683433629989,0.0863,0.0463,0.008
1661981683482723236,0.0863,0.0464,0.008
1661981683531829357,0.0863,0.0465,0.008
1661981683580993175,0.0863,0.0467,0.008
1661981683630280017,0.0863,0.0468,0.008
1661981683679563522,0.0863,0.0469,0.008
1661981683736608266,0.0863,0.0471,0.008
1661981683785752296,0.0863,0.0472,0.008
1661981683834999799,0.0863,0.0473,0.008
1661981683884140729,0.0863,0.0474,0.008
1661981683933237791,0.0863,0.0475,0.008
1661981683982556343,0.0863,0.0477,0.008
1661981684031588792,0.0863,0.0478,0.008
1661981684080854415,0.0863,0.0479,0.008
1661981684129977703,0.0863,0.048,0.008
1661981684179024219,0.0863,0.0481,0.008
1661981684228163957,0.0863,0.0482,0.008
1661981684277242422,0.0863,0.0482,0.008
1661981684326725482,0.0863,0.0482,0.008
1661981684355527162,0.0863,0.0482,0.008
1661981684404406547,0.0863,0.0482,0.008
1661981684453496217,0.0863,0.0482,0.008
1661981684502671003,0.0863,0.0482,0.008
1661981684551833868,0.0863,0.0482,0.008
1661981684600861072,0.0863,0.0482,0.008
1661981684650131940,0.0863,0.0482,0.008
1661981684699313402,0.0863,0.0482,0.008
1661981684748548507,0.0863,0.0482,0.008
1661981684797937154,0.0863,0.0482,0.008
1661981684850685358,0.0863,0.0482,0.008
1661981684900135278,0.0863,0.0482,0.008
1661981684949268341,0.0863,0.0482,0.008
1661981684998262643,0.0863,0.0482,0.008
1661981685047477245,0.0863,0.0482,0.008
1661981685096565961,0.0863,0.0482,0.008
1661981685145721912,0.0863,0.0482,0.008
1661981685194992303,0.0863,0.0482,0.008
1661981685244006395,0.0863,0.0482,0.008
1661981685293358325,0.0863,0.0482,0.008
1661981685338176488,0.0863,0.0482,0.008
1661981685375232934,0.0863,0.0482,0.008
1661981685432532548,0.0863,0.0482,0.008
1661981685481671094,0.0863,0.0481,0.008
1661981685530880689,0.0863,0.048,0.008
1661981685588054418,0.0862,0.0479,0.008
1661981685637279272,0.0862,0.0477,0.008
1661981685686600923,0.0861,0.0475,0.008
1661981685744270086,0.0861,0.0472,0.008
1661981685797073364,0.086,0.0469,0.008
1661981685850075483,0.086,0.0465,0.008
1661981685907675743,0.0859,0.0461,0.008
1661981685960788011,0.0858,0.0456,0.008
1661981686010106801,0.0857,0.0452,0.008
1661981686067427158,0.0856,0.0446,0.008
1661981686116481304,0.0855,0.0441,0.008
1661981686165735483,0.0854,0.0435,0.008
1661981686223092079,0.0852,0.0428,0.008
1661981686272238254,0.0851,0.0422,0.008
1661981686321299314,0.085,0.0416,0.008
1661981686378791570,0.0848,0.0409,0.008
1661981686427947521,0.0847,0.0403,0.008
1661981686476999759,0.0846,0.0396,0.008
1661981686534384727,0.0844,0.0389,0.008
1661981686583563566,0.0843,0.0383,0.008
1661981686632735490,0.0842,0.0377,0.008
1661981686689992666,0.0841,0.037,0.008
1661981686739184856,0.0839,0.0364,0.008
1661981686788372755,0.0838,0.0358,0.008
1661981686845872402,0.0837,0.0351,0.008
1661981686898660659,0.0836,0.0344,0.008
1661981686948051929,0.0834,0.0338,0.008
1661981687005419731,0.0833,0.0331,0.008
1661981687054622411,0.0832,0.0325,0.008
1661981687103761911,0.083,0.0319,0.008
1661981687161114215,0.0829,0.0311,0.008
1661981687210398197,0.0828,0.0305,0.008
1661981687259516000,0.0827,0.0299,0.008
1661981687316693067,0.0825,0.0292,0.008
1661981687369850397,0.0824,0.0286,0.008
1661981687423135519,0.0823,0.0279,0.008
1661981687480688095,0.0821,0.0272,0.008
1661981687530009269,0.082,0.0266,0.008
1661981687579081296,0.0819,0.0259,0.008
1661981687636449813,0.0817,0.0252,0.008
1661981687689458608,0.0816,0.0246,0.008
1661981687738772392,0.0815,0.024,0.008
1661981687796099424,0.0813,0.0232,0.008
1661981687845275640,0.0812,0.0226,0.008
1661981687894757986,0.0811,0.022,0.008
1661981687951671361,0.081,0.0213,0.008
1661981688000934600,0.0808,0.0207,0.008
1661981688050065755,0.0807,0.0201,0.008
1661981688107461929,0.0806,0.0194,0.008
1661981688156674861,0.0805,0.0188,0.008
1661981688205885887,0.0803,0.0182,0.008
1661981688263108491,0.0802,0.0174,0.008
1661981688312326192,0.0801,0.0168,0.008
1661981688361463785,0.08,0.0162,0.008
1661981688418777227,0.0798,0.0155,0.008
1661981688468074083,0.0797,0.0149,0.008
1661981688517097473,0.0796,0.0143,0.008
1661981688574384212,0.0794,0.0136,0.008
1661981688623643398,0.0793,0.013,0.008
1661981688672715663,0.0792,0.0123,0.008
1661981688729999065,0.079,0.0116,0.008
1661981688779263973,0.0789,0.011,0.008
1661981688828350305,0.0788,0.0104,0.008
1661981688885689973,0.0787,0.0097,0.008
1661981688935042142,0.0785,0.0091,0.008
1661981688987884044,0.0784,0.0085,0.008
1661981689045469045,0.0783,0.0077,0.008
1661981689094613075,0.0781,0.0071,0.008
1661981689143711328,0.078,0.0065,0.008
1661981689201016664,0.0779,0.0058,0.008
1661981689250257968,0.0778,0.0052,0.008
1661981689299431085,0.0776,0.0046,0.008
1661981689356815814,0.0775,0.0038,0.008
1661981689406009674,0.0774,0.0032,0.008
1661981689455240488,0.0773,0.0026,0.008
1661981689512451410,0.0771,0.0019,0.008
1661981689562051534,0.077,0.0013,0.008
1661981689610817909,0.0769,0.0007,0.008
1661981689668060302,0.0767,-0.0,0.008
1661981689717268705,0.0766,-0.0006,0.008
1661981689766354084,0.0765,-0.0013,0.008
1661981689823681592,0.0764,-0.002,0.008
1661981689872814655,0.0762,-0.0026,0.008
1661981689921974897,0.0761,-0.0032,0.008
1661981689979526996,0.076,-0.0039,0.008
1661981690028654336,0.0758,-0.0045,0.008
1661981690077737569,0.0757,-0.0051,0.008
1661981690134981870,0.0756,-0.0058,0.008
1661981690184294939,0.0755,-0.0064,0.008
1661981690233566761,0.0753,-0.0071,0.008
1661981690290596246,0.0752,-0.0078,0.008
1661981690339913368,0.0751,-0.0084,0.008
1661981690389080524,0.075,-0.009,0.008
1661981690446530580,0.0748,-0.0097,0.008
1661981690495589494,0.0747,-0.0103,0.008
1661981690548593997,0.0746,-0.0109,0.008
1661981690606241464,0.0744,-0.0117,0.008
1661981690655594587,0.0743,-0.0123,0.008
1661981690704586029,0.0742,-0.0129,0.008
1661981690761973857,0.074,-0.0136,0.008
1661981690811032533,0.0739,-0.0142,0.008
1661981690860250711,0.0738,-0.0148,0.008
1661981690917690277,0.0737,-0.0156,0.008
1661981690966693639,0.0735,-0.0162,0.008
1661981691016176939,0.0734,-0.0168,0.008
1661981691073171854,0.0733,-0.0175,0.008
1661981691122341871,0.0732,-0.0181,0.008
1661981691171463012,0.073,-0.0187,0.008
1661981691228943824,0.0729,-0.0194,0.008
1661981691278034687,0.0728,-0.02,0.008
1661981691327156066,0.0727,-0.0207,0.008
1661981691384664297,0.0725,-0.0214,0.008
1661981691433721542,0.0724,-0.022,0.008
1661981691482980012,0.0723,-0.0226,0.008
1661981691540149211,0.0721,-0.0233,0.008
1661981691589246034,0.072,-0.0239,0.008
1661981691638737916,0.0719,-0.0245,0.008
1661981691695913553,0.0717,-0.0252,0.008
1661981691745023250,0.0716,-0.0259,0.008
1661981691794138908,0.0715,-0.0265,0.008
1661981691851462125,0.0714,-0.0272,0.008
1661981691900684833,0.0712,-0.0278,0.008
1661981691950048446,0.0711,-0.0284,0.008
1661981692007089853,0.071,-0.0291,0.008
1661981692056664228,0.0709,-0.0297,0.008
1661981692109367132,0.0707,-0.0303,0.008
1661981692166959285,0.0706,-0.0311,0.008
1661981692216072559,0.0705,-0.0317,0.008
1661981692265278100,0.0703,-0.0323,0.008
1661981692322541236,0.0702,-0.033,0.008
1661981692371700286,0.0701,-0.0336,0.008
1661981692420926570,0.07,-0.0343,0.008
1661981692478236675,0.0698,-0.035,0.008
1661981692527424573,0.0697,-0.0356,0.008
1661981692576572418,0.0696,-0.0362,0.008
1661981692634054899,0.0694,-0.0369,0.008
1661981692683209180,0.0693,-0.0375,0.008
1661981692732383728,0.0692,-0.0381,0.008
1661981692789524078,0.0691,-0.0388,0.008
1661981692838687658,0.0689,-0.0394,0.008
1661981692888002872,0.0688,-0.0401,0.008
1661981692945259809,0.0687,-0.0408,0.008
1661981692994386196,0.0685,-0.0414,0.008
1661981693043557405,0.0684,-0.042,0.008
1661981693101162672,0.0683,-0.0427,0.008
1661981693154090404,0.0682,-0.0434,0.008
1661981693203291654,0.068,-0.044,0.008
1661981693260651111,0.0679,-0.0447,0.008
1661981693309800624,0.0678,-0.0453,0.008
1661981693358983516,0.0676,-0.0459,0.008
1661981693408115386,0.0675,-0.0465,0.008
1661981693457249641,0.0674,-0.0471,0.008
1661981693506466865,0.0673,-0.0477,0.008
1661981693555581331,0.0672,-0.0483,0.008
1661981693604692220,0.0671,-0.0489,0.008
1661981693657779932,0.067,-0.0494,0.008
1661981693707228899,0.0669,-0.0499,0.008
1661981693756436109,0.0668,-0.0503,0.008
1661981693805629253,0.0667,-0.0507,0.008
1661981693854788780,0.0666,-0.0511,0.008
1661981693903798341,0.0665,-0.0514,0.008
1661981693953010797,0.0665,-0.0517,0.008
1661981694002089262,0.0664,-0.052,0.008
1661981694051369190,0.0664,-0.0522,0.008
1661981694100745916,0.0664,-0.0524,0.008
1661981694149593591,0.0663,-0.0525,0.008
1661981694198688507,0.0663,-0.0526,0.008
1661981694247988939,0.0663,-0.0527,0.008
1661981694297114610,0.0663,-0.0528,0.008
1661981694350516557,0.0663,-0.0528,0.008
1661981694399511098,0.0663,-0.0528,0.008
1661981694428423166,0.0663,-0.0528,0.008
1661981694477370738,0.0663,-0.0528,0.008
1661981694526473999,0.0663,-0.0528,0.008
1661981694575677871,0.0663,-0.0528,0.008
1661981694624837398,0.0663,-0.0528,0.008
1661981694673866033,0.0663,-0.0528,0.008
1661981694723064661,0.0663,-0.0528,0.008
1661981694772302627,0.0663,-0.0528,0.008
1661981694821298837,0.0663,-0.0528,0.008
1661981694870476007,0.0663,-0.0528,0.008
1661981694919906377,0.0663,-0.0528,0.008
1661981694968847274,0.0663,-0.0528,0.008
1661981695018102645,0.0663,-0.0528,0.008
1661981695067436456,0.0663,-0.0528,0.008
1661981695120192766,0.0663,-0.0528,0.008
1661981695169649362,0.0663,-0.0528,0.008
1661981695218722343,0.0663,-0.0528,0.008
1661981695268207788,0.0663,-0.0528,0.008
1661981695316988706,0.0663,-0.0528,0.008
1661981695366270542,0.0663,-0.0528,0.008
1661981695415480613,0.0663,-0.0528,0.008
1661981695464502811,0.0663,-0.0528,0.008
1661981695513671159,0.0663,-0.0528,0.008
1661981695563126087,0.0663,-0.0528,0.008
1661981695615859508,0.0663,-0.0528,0.008
1661981695661404848,0.0663,-0.0528,0.008
1661981695698221921,0.0663,-0.0528,0.008
1661981695755607604,0.0663,-0.0527,0.008
1661981695804579019,0.0663,-0.0527,0.008
1661981695853754043,0.0663,-0.0526,0.008
1661981695902893304,0.0663,-0.0525,0.008
1661981695952177047,0.0663,-0.0523,0.008
1661981696001239776,0.0663,-0.0522,0.008
1661981696050549268,0.0663,-0.0521,0.008
1661981696103344678,0.0663,-0.0519,0.008
1661981696160920381,0.0663,-0.0518,0.008
1661981696210049867,0.0663,-0.0517,0.008
1661981696259232997,0.0663,-0.0515,0.008
1661981696308879613,0.0663,-0.0514,0.008
1661981696357722520,0.0663,-0.0513,0.008
1661981696406701803,0.0663,-0.0512,0.008
1661981696456052780,0.0663,-0.051,0.008
1661981696505223512,0.0663,-0.0509,0.008
1661981696562285900,0.0663,-0.0508,0.008
1661981696611461639,0.0663,-0.0506,0.008
1661981696660653114,0.0663,-0.0505,0.008
1661981696709843158,0.0663,-0.0504,0.008
1661981696758999109,0.0663,-0.0503,0.008
1661981696808216333,0.0663,-0.0501,0.008
1661981696857402324,0.0663,-0.05,0.008
1661981696906716346,0.0663,-0.0499,0.008
1661981696963758945,0.0663,-0.0497,0.008
1661981697012921333,0.0663,-0.0496,0.008
1661981697062310695,0.0663,-0.0495,0.008
1661981697111355066,0.0663,-0.0494,0.008
1661981697160497665,0.0663,-0.0492,0.008
1661981697209683895,0.0663,-0.0491,0.008
1661981697258742570,0.0663,-0.049,0.008
1661981697308011054,0.0663,-0.0489,0.008
1661981697365211248,0.0663,-0.0487,0.008
1661981697414389610,0.0663,-0.0486,0.008
1661981697463510990,0.0663,-0.0485,0.008
1661981697512685298,0.0663,-0.0484,0.008
1661981697561828613,0.0663,-0.0482,0.008
1661981697614916801,0.0663,-0.0481,0.008
1661981697664231777,0.0663,-0.048,0.008
1661981697713452577,0.0663,-0.0478,0.008
1661981697770716190,0.0663,-0.0477,0.008
1661981697819986104,0.0663,-0.0476,0.008
1661981697869321584,0.0663,-0.0474,0.008
1661981697918330669,0.0663,-0.0473,0.008
1661981697967411756,0.0663,-0.0472,0.008
1661981698016667842,0.0663,-0.0471,0.008
1661981698065987825,0.0663,-0.0469,0.008
1661981698115079164,0.0663,-0.0468,0.008
1661981698172154426,0.0663,-0.0467,0.008
1661981698221406936,0.0663,-0.0466,0.008
1661981698270583868,0.0663,-0.0464,0.008
1661981698319802284,0.0663,-0.0463,0.008
1661981698369009256,0.0663,-0.0462,0.008
1661981698418048143,0.0663,-0.0461,0.008
1661981698467211246,0.0663,-0.0459,0.008
1661981698516289710,0.0663,-0.0458,0.008
1661981698573705911,0.0663,-0.0457,0.008
1661981698622843980,0.0663,-0.0455,0.008
1661981698672078371,0.0663,-0.0454,0.008
1661981698721155643,0.0663,-0.0453,0.008
1661981698770359754,0.0663,-0.0452,0.008
1661981698819511413,0.0663,-0.045,0.008
1661981698868581056,0.0663,-0.0449,0.008
1661981698917923927,0.0663,-0.0448,0.008
1661981698975022792,0.0663,-0.0446,0.008
1661981699024338960,0.0663,-0.0445,0.008
1661981699073789358,0.0663,-0.0444,0.008
1661981699126417636,0.0663,-0.0443,0.008
1661981699175731420,0.0663,-0.0441,0.008
1661981699224965572,0.0663,-0.044,0.008
1661981699274150609,0.0663,-0.0439,0.008
1661981699323515415,0.0663,-0.0438,0.008
1661981699380609750,0.0663,-0.0436,0.008
1661981699429728269,0.0663,-0.0435,0.008
1661981699478987932,0.0663,-0.0434,0.008
1661981699528248310,0.0663,-0.0432,0.008
1661981699577308654,0.0663,-0.0431,0.008
1661981699626569747,0.0663,-0.043,0.008
1661981699675589323,0.0663,-0.0429,0.008
1661981699724723339,0.0663,-0.0427,0.008
1661981699781999826,0.0663,-0.0426,0.008
1661981699831235408,0.0663,-0.0425,0.008
1661981699880432844,0.0663,-0.0423,0.008
1661981699929560661,0.0663,-0.0422,0.008
1661981699978826045,0.0663,-0.0421,0.008
1661981700027871847,0.0663,-0.042,0.008
1661981700077329635,0.0663,-0.0418,0.008
1661981700126394510,0.0663,-0.0417,0.008
1661981700183497905,0.0663,-0.0416,0.008
1661981700232735633,0.0663,-0.0415,0.008
1661981700281835317,0.0663,-0.0413,0.008
1661981700331055879,0.0663,-0.0412,0.008
1661981700380311250,0.0663,-0.0411,0.008
1661981700429384469,0.0663,-0.041,0.008
1661981700478817939,0.0663,-0.0408,0.008
1661981700527661561,0.0663,-0.0407,0.008
1661981700584942102,0.0663,-0.0406,0.008
1661981700638115167,0.0663,-0.0404,0.008
1661981700687486171,0.0663,-0.0403,0.008
1661981700736654281,0.0663,-0.0402,0.008
1661981700785715818,0.0663,-0.04,0.008
1661981700834897756,0.0663,-0.0399,0.008
1661981700883949041,0.0663,-0.0398,0.008
1661981700933260202,0.0663,-0.0397,0.008
1661981700990512847,0.0663,-0.0395,0.008
1661981701039648532,0.0663,-0.0394,0.008
1661981701089201450,0.0663,-0.0393,0.008
1661981701138064146,0.0663,-0.0392,0.008
1661981701187184810,0.0663,-0.039,0.008
1661981701236359834,0.0663,-0.0389,0.008
1661981701285534143,0.0663,-0.0388,0.008
1661981701334626197,0.0663,-0.0387,0.008
1661981701391929388,0.0663,-0.0385,0.008
1661981701441114187,0.0663,-0.0384,0.008
1661981701490294933,0.0663,-0.0383,0.008
1661981701539511203,0.0663,-0.0381,0.008
1661981701588603496,0.0663,-0.038,0.008
1661981701637738704,0.0663,-0.0379,0.008
1661981701686971902,0.0663,-0.0378,0.008
1661981701736102819,0.0663,-0.0376,0.008
1661981701793261528,0.0663,-0.0375,0.008
1661981701842538833,0.0663,-0.0374,0.008
1661981701891840696,0.0663,-0.0372,0.008
1661981701940832853,0.0663,-0.0371,0.008
1661981701990002155,0.0663,-0.037,0.008
1661981702039209842,0.0663,-0.0369,0.008
1661981702088677644,0.0663,-0.0367,0.008
1661981702141310691,0.0663,-0.0366,0.008
1661981702198932647,0.0663,-0.0365,0.008
1661981702248134136,0.0663,-0.0363,0.008
1661981702297296524,0.0663,-0.0362,0.008
1661981702346548318,0.0663,-0.0361,0.008
1661981702395689249,0.0663,-0.036,0.008
1661981702444747447,0.0663,-0.0358,0.008
1661981702493920326,0.0663,-0.0357,0.008
1661981702543210268,0.0663,-0.0356,0.008
1661981702600358963,0.0663,-0.0354,0.008
1661981702649628400,0.0663,-0.0353,0.008
1661981702698687791,0.0663,-0.0352,0.008
1661981702747845649,0.0663,-0.0351,0.008
1661981702797044515,0.0663,-0.0349,0.008
1661981702846161365,0.0663,-0.0348,0.008
1661981702895442247,0.0663,-0.0347,0.008
1661981702944505453,0.0663,-0.0346,0.008
1661981703001956701,0.0663,-0.0344,0.008
1661981703051027297,0.0663,-0.0343,0.008
1661981703100509881,0.0663,-0.0342,0.008
1661981703149486303,0.0663,-0.0341,0.008
1661981703198469400,0.0663,-0.0339,0.008
1661981703247744798,0.0663,-0.0338,0.008
1661981703296761751,0.0663,-0.0337,0.008
1661981703345944881,0.0663,-0.0336,0.008
1661981703403187990,0.0663,-0.0334,0.008
1661981703452458381,0.0663,-0.0333,0.008
1661981703501601457,0.0663,-0.0332,0.008
1661981703550792217,0.0663,-0.033,0.008
1661981703600040435,0.0663,-0.0329,0.008
1661981703652944564,0.0663,-0.0328,0.008
1661981703702332258,0.0663,-0.0327,0.008
1661981703751566171,0.0663,-0.0325,0.008
1661981703808793544,0.0663,-0.0324,0.008
1661981703857951164,0.0663,-0.0323,0.008
1661981703907160043,0.0663,-0.0321,0.008
1661981703956230401,0.0663,-0.032,0.008
1661981704005503654,0.0663,-0.0319,0.008
1661981704054702043,0.0663,-0.0318,0.008
1661981704103981971,0.0663,-0.0316,0.008
1661981704153077602,0.0663,-0.0315,0.008
1661981704210164785,0.0663,-0.0314,0.008
1661981704259481191,0.0663,-0.0312,0.008
1661981704308627605,0.0663,-0.0311,0.008
1661981704357727289,0.0663,-0.031,0.008
1661981704406860351,0.0663,-0.0309,0.008
1661981704456191062,0.0663,-0.0307,0.008
1661981704505247831,0.0663,-0.0306,0.008
1661981704554527759,0.0663,-0.0305,0.008
1661981704611759424,0.0663,-0.0303,0.008
1661981704660810232,0.0663,-0.0302,0.008
1661981704710084199,0.0663,-0.0301,0.008
1661981704759221315,0.0663,-0.03,0.008
1661981704808412313,0.0663,-0.0298,0.008
1661981704857588291,0.0663,-0.0297,0.008
1661981704906865596,0.0663,-0.0296,0.008
1661981704955882549,0.0663,-0.0295,0.008
1661981705013027191,0.0663,-0.0293,0.008
1661981705062288284,0.0663,-0.0292,0.008
1661981705111794948,0.0663,-0.0291,0.008
1661981705164576768,0.0663,-0.029,0.008
1661981705213841915,0.0663,-0.0288,0.008
1661981705263158321,0.0663,-0.0287,0.008
1661981705312292814,0.0663,-0.0286,0.008
1661981705361394882,0.0663,-0.0284,0.008
1661981705418664932,0.0663,-0.0283,0.008
1661981705467889547,0.0663,-0.0282,0.008
1661981705517014503,0.0663,-0.028,0.008
1661981705566921710,0.0663,-0.0279,0.008
1661981705615344047,0.0663,-0.0278,0.008
1661981705664369106,0.0663,-0.0277,0.008
1661981705713463544,0.0663,-0.0276,0.008
1661981705762665987,0.0663,-0.0274,0.008
1661981705819963693,0.0663,-0.0273,0.008
1661981705869260072,0.0663,-0.0272,0.008
1661981705918421506,0.0663,-0.027,0.008
1661981705967596292,0.0663,-0.0269,0.008
1661981706016849517,0.0663,-0.0268,0.008
1661981706065916776,0.0663,-0.0267,0.008
1661981706115295886,0.0663,-0.0265,0.008
1661981706164185523,0.0663,-0.0264,0.008
1661981706221592426,0.0663,-0.0263,0.008
1661981706270832777,0.0663,-0.0261,0.008
1661981706320060729,0.0663,-0.026,0.008
1661981706369753122,0.0663,-0.0259,0.008
1661981706418295860,0.0663,-0.0258,0.008
1661981706467385530,0.0663,-0.0256,0.008
1661981706516484022,0.0663,-0.0255,0.008
1661981706565691471,0.0663,-0.0254,0.008
1661981706623131275,0.0663,-0.0252,0.008
1661981706676119804,0.0663,-0.0251,0.008
1661981706725346565,0.0663,-0.025,0.008
1661981706774577856,0.0663,-0.0249,0.008
1661981706823861837,0.0663,-0.0247,0.008
1661981706873055934,0.0663,-0.0246,0.008
1661981706922174453,0.0663,-0.0245,0.008
1661981706971256494,0.0663,-0.0244,0.008
1661981707028563737,0.0663,-0.0242,0.008
1661981707077774286,0.0663,-0.0241,0.008
1661981707127229690,0.0663,-0.024,0.008
1661981707176157712,0.0663,-0.0238,0.008
1661981707225255250,0.0663,-0.0237,0.008
1661981707274373054,0.0663,-0.0236,0.008
1661981707323499679,0.0663,-0.0235,0.008
1661981707372659921,0.0663,-0.0233,0.008
1661981707429949522,0.0663,-0.0232,0.008
1661981707479127645,0.0663,-0.0231,0.008
1661981707528286457,0.0663,-0.0229,0.008
1661981707577634096,0.0663,-0.0228,0.008
1661981707626808643,0.0663,-0.0227,0.008
1661981707675982236,0.0663,-0.0226,0.008
1661981707725145339,0.0663,-0.0224,0.008
1661981707774361133,0.0663,-0.0223,0.008
1661981707831456422,0.0663,-0.0222,0.008
1661981707880523204,0.0663,-0.0221,0.008
1661981707929793596,0.0663,-0.0219,0.008
1661981707979084014,0.0663,-0.0218,0.008
1661981708028132915,0.0663,-0.0217,0.008
1661981708077176809,0.0663,-0.0216,0.008
1661981708126597881,0.0663,-0.0214,0.008
1661981708179363489,0.0663,-0.0213,0.008
1661981708236855745,0.0663,-0.0212,0.008
1661981708285984516,0.0663,-0.021,0.008
1661981708335283756,0.0663,-0.0209,0.008
1661981708384438753,0.0663,-0.0208,0.008
1661981708433537483,0.0663,-0.0207,0.008
1661981708482675552,0.0663,-0.0205,0.008
1661981708531942367,0.0663,-0.0204,0.008
1661981708580987453,0.0663,-0.0203,0.008
1661981708638297080,0.0663,-0.0201,0.008
1661981708687539815,0.0663,-0.02,0.008
1661981708736659526,0.0663,-0.0199,0.008
1661981708785863637,0.0663,-0.0198,0.008
1661981708834986925,0.0663,-0.0196,0.008
1661981708884078025,0.0663,-0.0195,0.008
1661981708933271646,0.0663,-0.0194,0.008
1661981708982609510,0.0663,-0.0193,0.008
1661981709039723873,0.0663,-0.0191,0.008
1661981709088927268,0.0663,-0.019,0.008
1661981709138424873,0.0663,-0.0189,0.008
1661981709187354803,0.0663,-0.0187,0.008
1661981709236642599,0.0663,-0.0186,0.008
1661981709285586595,0.0663,-0.0185,0.008
1661981709334729194,0.0663,-0.0184,0.008
1661981709384178400,0.0663,-0.0182,0.008
1661981709441138744,0.0663,-0.0181,0.008
1661981709490324974,0.0663,-0.018,0.008
1661981709539495468,0.0663,-0.0178,0.008
1661981709588692426,0.0663,-0.0177,0.008
1661981709637881755,0.0663,-0.0176,0.008
1661981709690859556,0.0663,-0.0175,0.008
1661981709740241289,0.0663,-0.0173,0.008
1661981709789397239,0.0663,-0.0172,0.008
1661981709846755027,0.0663,-0.0171,0.008
1661981709896061897,0.0663,-0.0169,0.008
1661981709945227861,0.0663,-0.0168,0.008
1661981709994456529,0.0663,-0.0167,0.008
1661981710043529272,0.0663,-0.0166,0.008
1661981710092710971,0.0663,-0.0164,0.008
1661981710141907453,0.0663,-0.0163,0.008
1661981710190877914,0.0663,-0.0162,0.008
1661981710248263835,0.0663,-0.0161,0.008
1661981710297508716,0.0663,-0.0159,0.008
1661981710346598148,0.0663,-0.0158,0.008
1661981710395766973,0.0663,-0.0157,0.008
1661981710444978237,0.0663,-0.0156,0.008
1661981710493998765,0.0663,-0.0154,0.008
1661981710543092250,0.0663,-0.0153,0.008
1661981710592308044,0.0663,-0.0152,0.008
1661981710649715662,0.0663,-0.015,0.008
1661981710698907613,0.0663,-0.0149,0.008
1661981710748029708,0.0663,-0.0148,0.008
1661981710797275543,0.0663,-0.0147,0.008
1661981710846312284,0.0663,-0.0145,0.008
1661981710895511865,0.0663,-0.0144,0.008
1661981710944710969,0.0663,-0.0143,0.008
1661981710994117975,0.0663,-0.0142,0.008
1661981711051157474,0.0663,-0.014,0.008
1661981711100473880,0.0663,-0.0139,0.008
1661981711149875402,0.0663,-0.0138,0.008
1661981711202619314,0.0663,-0.0136,0.008
1661981711251876115,0.0663,-0.0135,0.008
1661981711300960540,0.0663,-0.0134,0.008
1661981711350233316,0.0663,-0.0133,0.008
1661981711399279117,0.0663,-0.0131,0.008
1661981711456712245,0.0663,-0.013,0.008
1661981711505777835,0.0663,-0.0129,0.008
1661981711555061101,0.0663,-0.0127,0.008
1661981711604309082,0.0663,-0.0126,0.008
1661981711653335571,0.0663,-0.0125,0.008
1661981711702461719,0.0663,-0.0124,0.008
1661981711751647233,0.0663,-0.0122,0.008
1661981711800784349,0.0663,-0.0121,0.008
1661981711857994318,0.0663,-0.012,0.008
1661981711907254695,0.0663,-0.0119,0.008
1661981711956403017,0.0663,-0.0117,0.008
1661981712005599260,0.0663,-0.0116,0.008
1661981712054712057,0.0663,-0.0115,0.008
1661981712103868961,0.0663,-0.0114,0.008
1661981712153233766,0.0663,-0.0112,0.008
1661981712202282428,0.0663,-0.0111,0.008
1661981712259552478,0.0663,-0.011,0.008
1661981712308659315,0.0663,-0.0109,0.008
1661981712357961416,0.0663,-0.0107,0.008
1661981712407085895,0.0663,-0.0106,0.008
1661981712456331968,0.0663,-0.0105,0.008
1661981712505357742,0.0663,-0.0104,0.008
1661981712554641723,0.0663,-0.0102,0.008
1661981712603764295,0.0663,-0.0101,0.008
1661981712660908460,0.0663,-0.01,0.008
1661981712713959693,0.0663,-0.0098,0.008
1661981712763862848,0.0663,-0.0097,0.008
1661981712812570095,0.0663,-0.0096,0.008
1661981712861591339,0.0663,-0.0095,0.008
1661981712910887002,0.0663,-0.0093,0.008
1661981712960000753,0.0663,-0.0092,0.008
1661981713009089231,0.0663,-0.0091,0.008
1661981713066463708,0.0663,-0.0089,0.008
1661981713115826845,0.0663,-0.0088,0.008
1661981713165174245,0.0663,-0.0087,0.008
1661981713214074850,0.0663,-0.0086,0.008
1661981713263332843,0.0663,-0.0085,0.008
1661981713312481880,0.0663,-0.0083,0.008
1661981713361503601,0.0663,-0.0082,0.008
1661981713410618305,0.0663,-0.0081,0.008
1661981713468005895,0.0663,-0.0079,0.008
1661981713517039537,0.0663,-0.0078,0.008
1661981713566245555,0.0663,-0.0077,0.008
1661981713615428447,0.0663,-0.0076,0.008
1661981713664683341,0.0663,-0.0075,0.008
1661981713713680982,0.0663,-0.0073,0.008
1661981713762892961,0.0663,-0.0072,0.008
1661981713812001466,0.0663,-0.0071,0.008
1661981713869373798,0.0663,-0.0069,0.008
1661981713918548822,0.0663,-0.0068,0.008
1661981713967602014,0.0663,-0.0067,0.008
1661981714017135381,0.0663,-0.0066,0.008
1661981714066096305,0.0663,-0.0065,0.008
1661981714115370988,0.0663,-0.0063,0.008
1661981714164579629,0.0663,-0.0062,0.008
1661981714217441320,0.0663,-0.0061,0.008
1661981714274824380,0.0663,-0.0059,0.008
1661981714323991298,0.0663,-0.0058,0.008
1661981714373332977,0.0663,-0.0057,0.008
1661981714422480583,0.0663,-0.0056,0.008
1661981714471537590,0.0663,-0.0055,0.008
1661981714520785808,0.0663,-0.0053,0.008
1661981714569874286,0.0663,-0.0052,0.008
1661981714619116067,0.0663,-0.0051,0.008
1661981714676440715,0.0663,-0.0049,0.008
1661981714725610256,0.0663,-0.0048,0.008
1661981714774740457,0.0663,-0.0047,0.008
1661981714824004411,0.0663,-0.0046,0.008
1661981714873162508,0.0663,-0.0045,0.008
1661981714922232389,0.0663,-0.0043,0.008
1661981714971713304,0.0663,-0.0042,0.008
1661981715020708322,0.0663,-0.0041,0.008
1661981715077877283,0.0663,-0.0039,0.008
1661981715127071380,0.0663,-0.0038,0.008
1661981715176541805,0.0663,-0.0037,0.008
1661981715225449800,0.0663,-0.0036,0.008
1661981715274601697,0.0663,-0.0035,0.008
1661981715323714971,0.0663,-0.0033,0.008
1661981715372833728,0.0663,-0.0032,0.008
1661981715422042369,0.0663,-0.0031,0.008
1661981715479405164,0.0663,-0.003,0.008
1661981715528563261,0.0663,-0.0028,0.008
1661981715577764272,0.0663,-0.0027,0.008
1661981715627000093,0.0663,-0.0026,0.008
1661981715676034212,0.0663,-0.0025,0.008
1661981715728840589,0.0663,-0.0023,0.008
1661981715778297662,0.0663,-0.0022,0.008
1661981715827468395,0.0663,-0.0021,0.008
1661981715884913682,0.0663,-0.0019,0.008
1661981715933974027,0.0663,-0.0018,0.008
1661981715983121156,0.0663,-0.0017,0.008
1661981716032402753,0.0663,-0.0016,0.008
1661981716081467151,0.0663,-0.0015,0.008
1661981716130637168,0.0663,-0.0013,0.008
1661981716180154561,0.0663,-0.0012,0.008
1661981716229105472,0.0663,-0.0011,0.008
1661981716286273002,0.0663,-0.0009,0.008
1661981716335462570,0.0663,-0.0008,0.008
1661981716384708881,0.0663,-0.0007,0.008
1661981716433725118,0.0663,-0.0006,0.008
1661981716483027458,0.0663,-0.0005,0.008
1661981716532195568,0.0663,-0.0003,0.008
1661981716581238508,0.0663,-0.0002,0.008
1661981716630397796,0.0663,-0.0001,0.008
1661981716687737226,0.0663,0.0001,0.008
1661981716737090110,0.0663,0.0002,0.008
1661981716786088228,0.0663,0.0003,0.008
1661981716835212945,0.0663,0.0004,0.008
1661981716884331703,0.0663,0.0005,0.008
1661981716933542966,0.0663,0.0007,0.008
1661981716982683897,0.0663,0.0008,0.008
1661981717032005071,0.0663,0.0009,0.008
1661981717089240789,0.0663,0.0011,0.008
1661981717138317584,0.0663,0.0012,0.008
1661981717187715291,0.0663,0.0013,0.008
1661981717240553617,0.0663,0.0014,0.008
1661981717290037393,0.0663,0.0016,0.008
1661981717339120149,0.0663,0.0017,0.008
1661981717388350248,0.0663,0.0018,0.008
1661981717437354326,0.0663,0.0019,0.008
1661981717494655132,0.0663,0.0021,0.008
1661981717544040203,0.0663,0.0022,0.008
1661981717593170642,0.0663,0.0023,0.008
1661981717642250537,0.0663,0.0024,0.008
1661981717691407918,0.0663,0.0025,0.008
1661981717740482568,0.0663,0.0027,0.008
1661981717789672374,0.0663,0.0028,0.008
1661981717838899612,0.0663,0.0029,0.008
1661981717896224737,0.0663,0.0031,0.008
1661981717945366859,0.0663,0.0032,0.008
1661981717994544267,0.0663,0.0033,0.008
1661981718043582916,0.0663,0.0034,0.008
1661981718092867136,0.0663,0.0035,0.008
1661981718141919374,0.0663,0.0037,0.008
1661981718191310167,0.0663,0.0038,0.008
1661981718240308046,0.0663,0.0039,0.008
1661981718297590017,0.0663,0.0041,0.008
1661981718346679449,0.0663,0.0042,0.008
1661981718395881652,0.0663,0.0043,0.008
1661981718445014715,0.0663,0.0044,0.008
1661981718494245529,0.0663,0.0045,0.008
1661981718543440580,0.0663,0.0047,0.008
1661981718592575550,0.0663,0.0048,0.008
1661981718642037153,0.0663,0.0049,0.008
1661981718698992490,0.0663,0.0051,0.008
1661981718752135753,0.0663,0.0052,0.008
1661981718801314830,0.0663,0.0053,0.008
1661981718850555419,0.0663,0.0054,0.008
1661981718899690151,0.0663,0.0055,0.008
1661981718948997735,0.0663,0.0057,0.008
1661981718998083353,0.0663,0.0058,0.008
1661981719047217607,0.0663,0.0059,0.008
1661981719104591131,0.0663,0.0061,0.008
1661981719153745174,0.0663,0.0062,0.008
1661981719203157186,0.0663,0.0063,0.008
1661981719252104282,0.0663,0.0064,0.008
1661981719301141977,0.0663,0.0065,0.008
1661981719350354194,0.0663,0.0067,0.008
1661981719399630069,0.0663,0.0068,0.008
1661981719448726892,0.0663,0.0069,0.008
1661981719505974292,0.0663,0.0071,0.008
1661981719555099964,0.0663,0.0072,0.008
1661981719604352235,0.0663,0.0073,0.008
1661981719653477430,0.0663,0.0074,0.008
1661981719702620744,0.0663,0.0075,0.008
1661981719751934528,0.0663,0.0077,0.008
1661981719801053285,0.0663,0.0078,0.008
1661981719850256204,0.0663,0.0079,0.008
1661981719907365560,0.0663,0.0081,0.008
1661981719956628799,0.0663,0.0082,0.008
1661981720005803346,0.0663,0.0083,0.008
1661981720055151462,0.0663,0.0084,0.008
1661981720104077816,0.0663,0.0085,0.008
1661981720153318405,0.0663,0.0087,0.008
1661981720203456401,0.0663,0.0088,0.008
1661981720255619049,0.0663,0.0089,0.008
1661981720312891244,0.0663,0.0091,0.008
1661981720362042427,0.0663,0.0092,0.008
1661981720411343336,0.0663,0.0093,0.008
1661981720460430145,0.0663,0.0094,0.008
1661981720509615421,0.0663,0.0095,0.008
1661981720558591127,0.0663,0.0097,0.008
1661981720607861518,0.0663,0.0098,0.008
1661981720656958103,0.0663,0.0099,0.008
1661981720714339256,0.0663,0.0101,0.008
1661981720763500452,0.0663,0.0102,0.008
1661981720812753200,0.0663,0.0103,0.008
1661981720861803293,0.0663,0.0104,0.008
1661981720911236524,0.0663,0.0105,0.008
1661981720960176229,0.0663,0.0107,0.008
1661981721009313583,0.0663,0.0108,0.008
1661981721058710336,0.0663,0.0109,0.008
1661981721115808248,0.0663,0.0111,0.008
1661981721165025711,0.0663,0.0112,0.008
1661981721214663267,0.0663,0.0113,0.008
1661981721263353109,0.0663,0.0114,0.008
1661981721312616348,0.0663,0.0115,0.008
1661981721361652135,0.0663,0.0117,0.008
1661981721410955429,0.0663,0.0118,0.008
1661981721459965944,0.0663,0.0119,0.008
1661981721517272949,0.0663,0.012,0.008
1661981721566483259,0.0663,0.0122,0.008
1661981721615779399,0.0663,0.0123,0.008
1661981721664881706,0.0663,0.0124,0.008
1661981721713968753,0.0663,0.0125,0.008
1661981721767010450,0.0663,0.0127,0.008
1661981721816515684,0.0663,0.0128,0.008
1661981721865649938,0.0663,0.0129,0.008
1661981721922795057,0.0663,0.0131,0.008
1661981721972278594,0.0663,0.0132,0.008
1661981722021318912,0.0663,0.0133,0.008
1661981722070361614,0.0663,0.0134,0.008
1661981722119699239,0.0663,0.0135,0.008
1661981722168723821,0.0663,0.0137,0.008
1661981722218230485,0.0663,0.0138,0.008
1661981722267074584,0.0663,0.0139,0.008
1661981722324185848,0.0663,0.0141,0.008
1661981722373507499,0.0663,0.0142,0.008
1661981722422662496,0.0663,0.0143,0.008
1661981722471777200,0.0663,0.0144,0.008
1661981722521092891,0.0663,0.0145,0.008
1661981722570182800,0.0663,0.0147,0.008
1661981722619424104,0.0663,0.0148,0.008
1661981722668457031,0.0663,0.0149,0.008
1661981722725846767,0.0663,0.015,0.008
1661981722775038003,0.0663,0.0152,0.008
1661981722824132442,0.0663,0.0153,0.008
1661981722873367786,0.0663,0.0154,0.008
1661981722922530651,0.0663,0.0155,0.008
1661981722971616744,0.0663,0.0157,0.008
1661981723020863771,0.0663,0.0158,0.008
1661981723069970130,0.0663,0.0159,0.008
1661981723127223730,0.0663,0.0161,0.008
1661981723176376819,0.0663,0.0162,0.008
1661981723225798845,0.0663,0.0163,0.008
1661981723278585433,0.0663,0.0164,0.008
1661981723328011512,0.0663,0.0166,0.008
1661981723377367734,0.0663,0.0167,0.008
1661981723426336765,0.0663,0.0168,0.008
1661981723475482225,0.0663,0.0169,0.008
1661981723532670021,0.0663,0.0171,0.008
1661981723581937551,0.0663,0.0172,0.008
1661981723631136417,0.0663,0.0173,0.008
1661981723680375337,0.0663,0.0174,0.008
1661981723729401111,0.0663,0.0175,0.008
1661981723778583765,0.0663,0.0177,0.008
1661981723827720165,0.0663,0.0178,0.008
1661981723876984596,0.0663,0.0179,0.008
1661981723934068918,0.0663,0.0181,0.008
1661981723983351469,0.0663,0.0182,0.008
1661981724032565593,0.0663,0.0183,0.008
1661981724081744432,0.0663,0.0184,0.008
1661981724130936622,0.0663,0.0185,0.008
1661981724179977893,0.0663,0.0187,0.008
1661981724229280948,0.0663,0.0188,0.008
1661981724278383016,0.0663,0.0189,0.008
1661981724335630178,0.0663,0.0191,0.008
1661981724384791135,0.0663,0.0192,0.008
1661981724433939218,0.0663,0.0193,0.008
1661981724483188629,0.0663,0.0194,0.008
1661981724532287120,0.0663,0.0195,0.008
1661981724581435680,0.0663,0.0197,0.008
1661981724630530595,0.0663,0.0198,0.008
1661981724679774761,0.0663,0.0199,0.008
1661981724737049818,0.0663,0.0201,0.008
1661981724790083885,0.0663,0.0202,0.008
1661981724839469194,0.0663,0.0203,0.008
1661981724888699054,0.0663,0.0204,0.008
1661981724937813997,0.0663,0.0206,0.008
1661981724987616300,0.0663,0.0207,0.008
1661981725036367893,0.0663,0.0208,0.008
1661981725085323333,0.0663,0.0209,0.008
1661981725142815828,0.0663,0.0211,0.008
1661981725191748380,0.0663,0.0212,0.008
1661981725241165399,0.0663,0.0213,0.008
1661981725290366888,0.0663,0.0214,0.008
1661981725339470386,0.0663,0.0215,0.008
1661981725388482093,0.0663,0.0217,0.008
1661981725437612056,0.0663,0.0218,0.008
1661981725486776590,0.0663,0.0219,0.008
1661981725544089794,0.0663,0.0221,0.008
1661981725593247890,0.0663,0.0222,0.008
1661981725642408847,0.0663,0.0223,0.008
1661981725691480159,0.0663,0.0224,0.008
1661981725740675210,0.0663,0.0225,0.008
1661981725789856910,0.0663,0.0227,0.008
1661981725839103698,0.0663,0.0228,0.008
1661981725888315200,0.0663,0.0229,0.008
1661981725945535182,0.0663,0.0231,0.008
1661981725994758367,0.0663,0.0232,0.008
1661981726043850421,0.0663,0.0233,0.008
1661981726093116998,0.0663,0.0234,0.008
1661981726142247438,0.0663,0.0235,0.008
1661981726191285848,0.0663,0.0237,0.008
1661981726240827322,0.0663,0.0238,0.008
1661981726293483018,0.0663,0.0239,0.008
1661981726351013183,0.0663,0.0241,0.008
1661981726400220394,0.0663,0.0242,0.008
1661981726449391365,0.0663,0.0243,0.008
1661981726498553752,0.0663,0.0244,0.008
1661981726547733306,0.0663,0.0245,0.008
1661981726596797466,0.0663,0.0247,0.008
1661981726646000385,0.0663,0.0248,0.008
1661981726695146560,0.0663,0.0249,0.008
1661981726752499818,0.0663,0.0251,0.008
1661981726801667690,0.0663,0.0252,0.008
1661981726850939989,0.0663,0.0253,0.008
1661981726900055408,0.0663,0.0254,0.008
1661981726949255228,0.0663,0.0255,0.008
1661981726998344659,0.0663,0.0257,0.008
1661981727047455549,0.0663,0.0258,0.008
1661981727096684455,0.0663,0.0259,0.008
1661981727153921127,0.0663,0.0261,0.008
1661981727203031778,0.0663,0.0262,0.008
1661981727252465248,0.0663,0.0263,0.008
1661981727301389217,0.0663,0.0264,0.008
1661981727350509881,0.0663,0.0265,0.008
1661981727399768590,0.0663,0.0267,0.008
1661981727448952436,0.0663,0.0268,0.008
1661981727498079299,0.0663,0.0269,0.008
1661981727555371522,0.0663,0.0271,0.008
1661981727604509115,0.0663,0.0272,0.008
1661981727653706312,0.0663,0.0273,0.008
1661981727702912092,0.0663,0.0274,0.008
1661981727752104282,0.0663,0.0275,0.008
1661981727805090188,0.0663,0.0277,0.008
1661981727854492902,0.0663,0.0278,0.008
1661981727903674364,0.0663,0.0279,0.008
1661981727960985660,0.0663,0.0281,0.008
1661981728010101556,0.0663,0.0282,0.008
1661981728059247970,0.0663,0.0283,0.008
1661981728109074831,0.0663,0.0284,0.008
1661981728157532930,0.0663,0.0285,0.008
1661981728206707954,0.0663,0.0287,0.008
1661981728256134986,0.0663,0.0288,0.008
1661981728304980754,0.0663,0.0289,0.008
1661981728362333536,0.0663,0.0291,0.008
1661981728411537408,0.0663,0.0292,0.008
1661981728460560560,0.0663,0.0293,0.008
1661981728509830951,0.0663,0.0294,0.008
1661981728558981418,0.0663,0.0295,0.008
1661981728608098745,0.0663,0.0297,0.008
1661981728657168388,0.0663,0.0298,0.008
1661981728706466197,0.0663,0.0299,0.008
1661981728764326095,0.0663,0.0301,0.008
1661981728813223838,0.0663,0.0302,0.008
1661981728862384319,0.0663,0.0303,0.008
1661981728911466836,0.0663,0.0304,0.008
1661981728960407733,0.0663,0.0305,0.008
1661981729009530544,0.0663,0.0307,0.008
1661981729058662176,0.0663,0.0308,0.008
1661981729107936620,0.0663,0.0309,0.008
1661981729165147542,0.0663,0.0311,0.008
1661981729214370250,0.0663,0.0312,0.008
1661981729263662576,0.0663,0.0313,0.008
1661981729316522836,0.0663,0.0314,0.008
1661981729365979671,0.0663,0.0315,0.008
1661981729415132045,0.0663,0.0317,0.008
1661981729464254617,0.0663,0.0318,0.008
1661981729513509035,0.0663,0.0319,0.008
1661981729570725679,0.0663,0.0321,0.008
1661981729619987726,0.0663,0.0322,0.008
1661981729669116497,0.0663,0.0323,0.008
1661981729718407869,0.0663,0.0324,0.008
1661981729767394304,0.0663,0.0325,0.008
1661981729816586732,0.0663,0.0327,0.008
1661981729865793704,0.0663,0.0328,0.008
1661981729915013790,0.0663,0.0329,0.008
1661981729972148895,0.0663,0.0331,0.008
1661981730021461725,0.0663,0.0332,0.008
1661981730070531368,0.0663,0.0333,0.008
1661981730119767665,0.0663,0.0334,0.008
1661981730168885707,0.0663,0.0335,0.008
1661981730217980861,0.0663,0.0337,0.008
1661981730267476081,0.0663,0.0338,0.008
1661981730316737651,0.0663,0.0339,0.008
1661981730373639583,0.0663,0.0341,0.008
1661981730422792673,0.0663,0.0342,0.008
1661981730471834659,0.0663,0.0343,0.008
1661981730521152257,0.0663,0.0344,0.008
1661981730570295333,0.0663,0.0345,0.008
1661981730619553327,0.0663,0.0347,0.008
1661981730668702125,0.0663,0.0348,0.008
1661981730717734336,0.0663,0.0349,0.008
1661981730775046586,0.0663,0.0351,0.008
1661981730828006982,0.0663,0.0352,0.008
1661981730877412319,0.0663,0.0353,0.008
1661981730926725387,0.0663,0.0354,0.008
1661981730975874185,0.0663,0.0356,0.008
1661981731024986028,0.0663,0.0357,0.008
1661981731074152231,0.0663,0.0358,0.008
1661981731123245716,0.0663,0.0359,0.008
1661981731180748701,0.0663,0.0361,0.008
1661981731229867696,0.0663,0.0362,0.008
1661981731279320001,0.0663,0.0363,0.008
1661981731328187942,0.0663,0.0364,0.008
1661981731377229928,0.0663,0.0365,0.008
1661981731426386594,0.0663,0.0367,0.008
1661981731475526094,0.0663,0.0368,0.008
1661981731524623870,0.0663,0.0369,0.008
1661981731582053661,0.0663,0.0371,0.008
1661981731631269693,0.0663,0.0372,0.008
1661981731680396080,0.0663,0.0373,0.008
1661981731729551315,0.0663,0.0374,0.008
1661981731778770208,0.0663,0.0375,0.008
1661981731827867746,0.0663,0.0377,0.008
1661981731877007246,0.0663,0.0378,0.008
1661981731926255941,0.0663,0.0379,0.008
1661981731983406305,0.0663,0.0381,0.008
1661981732032784938,0.0663,0.0382,0.008
1661981732081793546,0.0663,0.0383,0.008
1661981732131017208,0.0663,0.0384,0.008
1661981732180237293,0.0663,0.0385,0.008
1661981732229410409,0.0663,0.0387,0.008
1661981732278704643,0.0663,0.0388,0.008
1661981732331473112,0.0663,0.0389,0.008
1661981732389138221,0.0663,0.0391,0.008
1661981732438351631,0.0663,0.0392,0.008
1661981732487430095,0.0663,0.0393,0.008
1661981732536593914,0.0663,0.0394,0.008
1661981732585839033,0.0663,0.0395,0.008
1661981732634899377,0.0663,0.0397,0.008
1661981732684056997,0.0663,0.0398,0.008
1661981732733219385,0.0663,0.0399,0.008
1661981732790433883,0.0663,0.0401,0.008
1661981732839587926,0.0663,0.0402,0.008
1661981732888846635,0.0663,0.0403,0.008
1661981732938079595,0.0663,0.0404,0.008
1661981732987176179,0.0663,0.0405,0.008
1661981733036242008,0.0663,0.0407,0.008
1661981733085705995,0.0663,0.0408,0.008
1661981733134683847,0.0663,0.0409,0.008
1661981733191923379,0.0663,0.0411,0.008
1661981733241082906,0.0663,0.0412,0.008
1661981733290503501,0.0663,0.0413,0.008
1661981733339762210,0.0663,0.0414,0.008
1661981733388684988,0.0663,0.0415,0.008
1661981733438045501,0.0663,0.0417,0.008
1661981733487078905,0.0663,0.0418,0.008
1661981733536141157,0.0663,0.0419,0.008
1661981733593372821,0.0663,0.0421,0.008
1661981733642558097,0.0663,0.0422,0.008
1661981733691623449,0.0663,0.0423,0.008
1661981733740871191,0.0663,0.0424,0.008
1661981733790065050,0.0663,0.0425,0.008
1661981733843059778,0.0663,0.0427,0.008
1661981733892439365,0.0663,0.0428,0.008
1661981733941594839,0.0663,0.0429,0.008
1661981733998997926,0.0663,0.0431,0.008
1661981734048100948,0.0663,0.0432,0.008
1661981734097235918,0.0663,0.0433,0.008
1661981734146460056,0.0663,0.0434,0.008
1661981734195612430,0.0663,0.0435,0.008
1661981734244811296,0.0663,0.0437,0.008
1661981734294228076,0.0663,0.0438,0.008
1661981734343136072,0.0663,0.0439,0.008
1661981734400382518,0.0663,0.0441,0.008
1661981734449532270,0.0663,0.0442,0.008
1661981734498700618,0.0663,0.0443,0.008
1661981734547877550,0.0663,0.0444,0.008
1661981734597026586,0.0663,0.0445,0.008
1661981734646135568,0.0663,0.0447,0.008
1661981734695367336,0.0663,0.0448,0.008
1661981734744617223,0.0663,0.0449,0.008
1661981734801689147,0.0663,0.0451,0.008
1661981734850917100,0.0663,0.0452,0.008
1661981734900116443,0.0663,0.0453,0.008
1661981734949276924,0.0663,0.0454,0.008
1661981734998424291,0.0663,0.0455,0.008
1661981735047589302,0.0663,0.0457,0.008
1661981735096793413,0.0663,0.0458,0.008
1661981735146094083,0.0663,0.0459,0.008
1661981735203208208,0.0663,0.0461,0.008
1661981735252401828,0.0663,0.0462,0.008
1661981735301771402,0.0663,0.0463,0.008
1661981735354541778,0.0663,0.0464,0.008
1661981735404041290,0.0663,0.0465,0.008
1661981735453334093,0.0663,0.0467,0.008
1661981735502425670,0.0663,0.0468,0.008
1661981735551693677,0.0663,0.0469,0.008
1661981735608834028,0.0663,0.0471,0.008
1661981735657958507,0.0663,0.0472,0.008
1661981735707137823,0.0663,0.0473,0.008
1661981735756273508,0.0663,0.0474,0.008
1661981735805497884,0.0663,0.0475,0.008
1661981735854603528,0.0663,0.0477,0.008
1661981735903756618,0.0663,0.0478,0.008
1661981735952970504,0.0663,0.0479,0.008
1661981736002125501,0.0663,0.048,0.008
1661981736051173210,0.0663,0.0481,0.008
1661981736100325345,0.0663,0.0482,0.008
1661981736149375438,0.0663,0.0482,0.008
1661981736198666810,0.0663,0.0482,0.008
1661981736227514982,0.0663,0.0482,0.008
1661981736276804447,0.0663,0.0482,0.008
1661981736325587749,0.0663,0.0482,0.008
1661981736374794483,0.0663,0.0482,0.008
1661981736423896312,0.0663,0.0482,0.008
1661981736473136186,0.0663,0.0482,0.008
1661981736522513866,0.0663,0.0482,0.008
1661981736571381330,0.0663,0.0482,0.008
1661981736620804309,0.0663,0.0482,0.008
1661981736669720649,0.0663,0.0482,0.008
1661981736718950033,0.0663,0.0482,0.008
1661981736768360614,0.0663,0.0482,0.008
1661981736821130990,0.0663,0.0482,0.008
1661981736870357513,0.0663,0.0482,0.008
1661981736919662237,0.0663,0.0482,0.008
1661981736968802213,0.0663,0.0482,0.008
1661981737017874479,0.0663,0.0482,0.008
1661981737067188739,0.0663,0.0482,0.008
1661981737116495370,0.0663,0.0482,0.008
1661981737165507555,0.0663,0.0482,0.008
1661981737214564561,0.0663,0.0482,0.008
1661981737251370429,0.0663,0.0482,0.008
1661981737292450189,0.0663,0.0482,0.008
1661981737349726200,0.0663,0.0482,0.008
1661981737399034976,0.0663,0.0481,0.008
1661981737448115348,0.0663,0.048,0.008
1661981737497316122,0.0664,0.0479,0.0081
1661981737546592712,0.0664,0.0477,0.0081
1661981737595592260,0.0664,0.0475,0.0081
1661981737644899129,0.0665,0.0473,0.0082
1661981737694562196,0.0665,0.047,0.0083
1661981737743502378,0.0666,0.0467,0.0083
1661981737792334079,0.0667,0.0463,0.0084
1661981737841311693,0.0668,0.0459,0.0085
1661981737890436887,0.0668,0.0455,0.0085
1661981737939577341,0.0669,0.045,0.0086
1661981737988733291,0.067,0.0446,0.0087
1661981738037965297,0.0671,0.0441,0.0088
1661981738087102890,0.0672,0.0436,0.0089
1661981738136412143,0.0673,0.0431,0.009
1661981738185512781,0.0674,0.0427,0.0091
1661981738234729766,0.0675,0.0422,0.0092
1661981738283808708,0.0676,0.0417,0.0093
1661981738333083391,0.0677,0.0412,0.0094
1661981738382014274,0.0678,0.0408,0.0095
1661981738431236028,0.0679,0.0403,0.0096
1661981738480483293,0.068,0.0398,0.0097
1661981738529523611,0.068,0.0394,0.0098
1661981738578911542,0.0681,0.0389,0.0099
1661981738627876520,0.0682,0.0384,0.0099
1661981738677032709,0.0683,0.0379,0.01
1661981738726417303,0.0684,0.0375,0.0101
1661981738779150009,0.0685,0.037,0.0102
1661981738828600883,0.0686,0.0365,0.0103
1661981738877731084,0.0687,0.036,0.0104
1661981738926985740,0.0688,0.0355,0.0105
1661981738976166248,0.0689,0.0351,0.0106
1661981739025219678,0.069,0.0346,0.0107
1661981739074399948,0.0691,0.0341,0.0108
1661981739123533964,0.0692,0.0336,0.0109
1661981739172624111,0.0693,0.0332,0.011
1661981739221799612,0.0694,0.0327,0.0111
1661981739270977735,0.0695,0.0322,0.0112
1661981739320156574,0.0696,0.0318,0.0113
1661981739369273424,0.0696,0.0313,0.0114
1661981739418538570,0.0697,0.0308,0.0115
1661981739467614889,0.0698,0.0303,0.0115
1661981739516895532,0.0699,0.0299,0.0116
1661981739566034078,0.07,0.0294,0.0117
1661981739615238904,0.0701,0.0289,0.0118
1661981739664320707,0.0702,0.0284,0.0119
1661981739713609457,0.0703,0.028,0.012
1661981739762568235,0.0704,0.0275,0.0121
1661981739811702728,0.0705,0.027,0.0122
1661981739860851526,0.0706,0.0266,0.0123
1661981739910055637,0.0707,0.0261,0.0124
1661981739959264039,0.0708,0.0256,0.0125
1661981740008293628,0.0709,0.0251,0.0126
1661981740057489395,0.071,0.0247,0.0127
1661981740107545375,0.071,0.0242,0.0128
1661981740156042814,0.0711,0.0237,0.0129
1661981740205024003,0.0712,0.0233,0.0129
1661981740258045196,0.0713,0.0228,0.013
1661981740307455539,0.0714,0.0223,0.0131
1661981740356431245,0.0715,0.0218,0.0132
1661981740405655384,0.0716,0.0213,0.0133
1661981740454895734,0.0717,0.0209,0.0134
1661981740503978013,0.0718,0.0204,0.0135
1661981740553147792,0.0719,0.0199,0.0136
1661981740602170944,0.072,0.0194,0.0137
1661981740651390790,0.0721,0.019,0.0138
1661981740700798511,0.0722,0.0185,0.0139
1661981740750103712,0.0723,0.018,0.014
1661981740799160003,0.0724,0.0175,0.0141
1661981740848067522,0.0725,0.0171,0.0142
1661981740897201776,0.0726,0.0166,0.0143
1661981740946393013,0.0726,0.0161,0.0144
1661981740995497226,0.0727,0.0157,0.0145
1661981741044645786,0.0728,0.0152,0.0145
1661981741093770503,0.0729,0.0147,0.0146
1661981741143050193,0.073,0.0142,0.0147
1661981741192203998,0.0731,0.0138,0.0148
1661981741241597414,0.0732,0.0133,0.0149
1661981741290565013,0.0733,0.0128,0.015
1661981741339617490,0.0734,0.0124,0.0151
1661981741388895034,0.0735,0.0119,0.0152
1661981741438066720,0.0736,0.0114,0.0153
1661981741487147569,0.0737,0.0109,0.0154
1661981741536344289,0.0738,0.0105,0.0155
1661981741585394382,0.0739,0.01,0.0156
1661981741634600877,0.074,0.0095,0.0157
1661981741683925390,0.074,0.009,0.0158
1661981741736729860,0.0741,0.0086,0.0159
1661981741786054849,0.0742,0.0081,0.016
1661981741835420608,0.0743,0.0076,0.016
1661981741884306192,0.0744,0.0071,0.0161
1661981741933493614,0.0745,0.0066,0.0162
1661981741982664108,0.0746,0.0062,0.0163
1661981742031956672,0.0747,0.0057,0.0164
1661981742081061840,0.0748,0.0052,0.0165
1661981742130095005,0.0749,0.0048,0.0166
1661981742179235696,0.075,0.0043,0.0167
1661981742228407382,0.0751,0.0038,0.0168
1661981742277559518,0.0752,0.0033,0.0169
1661981742326725959,0.0753,0.0029,0.017
1661981742375960588,0.0754,0.0024,0.0171
1661981742425014019,0.0755,0.0019,0.0172
1661981742474361658,0.0756,0.0015,0.0173
1661981742523498296,0.0756,0.001,0.0174
1661981742572609424,0.0757,0.0005,0.0175
1661981742621850013,0.0758,0.0,0.0175
1661981742671181201,0.0759,-0.0004,0.0176
1661981742720077276,0.076,-0.0009,0.0177
1661981742769131422,0.0761,-0.0014,0.0178
1661981742818364858,0.0762,-0.0019,0.0179
1661981742867514848,0.0763,-0.0023,0.018
1661981742916760206,0.0764,-0.0028,0.0181
1661981742965873956,0.0765,-0.0033,0.0182
1661981743014912843,0.0766,-0.0037,0.0183
1661981743064185142,0.0767,-0.0042,0.0184
1661981743113293647,0.0768,-0.0047,0.0185
1661981743162469148,0.0769,-0.0052,0.0186
1661981743215479135,0.077,-0.0056,0.0187
1661981743264921903,0.0771,-0.0061,0.0188
1661981743314035892,0.0772,-0.0066,0.0189
1661981743363225698,0.0772,-0.0071,0.019
1661981743412414550,0.0773,-0.0076,0.019
1661981743461617469,0.0774,-0.008,0.0191
1661981743510704755,0.0775,-0.0085,0.0192
1661981743559942483,0.0776,-0.009,0.0193
1661981743609002590,0.0777,-0.0094,0.0194
1661981743658380746,0.0778,-0.0099,0.0195
1661981743707507133,0.0779,-0.0104,0.0196
1661981743756601333,0.078,-0.0109,0.0197
1661981743805704593,0.0781,-0.0113,0.0198
1661981743854758739,0.0782,-0.0118,0.0199
1661981743903910636,0.0783,-0.0123,0.02
1661981743953016757,0.0784,-0.0128,0.0201
1661981744002277851,0.0785,-0.0132,0.0202
1661981744051343202,0.0786,-0.0137,0.0203
1661981744100733518,0.0786,-0.0142,0.0204
1661981744150090456,0.0787,-0.0147,0.0205
1661981744198899507,0.0788,-0.0151,0.0205
1661981744248071193,0.0789,-0.0156,0.0206
1661981744297329187,0.079,-0.0161,0.0207
1661981744346395254,0.0791,-0.0165,0.0208
1661981744395617723,0.0792,-0.017,0.0209
1661981744444801092,0.0793,-0.0175,0.021
1661981744494442462,0.0794,-0.018,0.0211
1661981744543157100,0.0795,-0.0184,0.0212
1661981744592200517,0.0796,-0.0189,0.0213
1661981744643080234,0.0797,-0.0194,0.0214
1661981744694556713,0.0798,-0.0199,0.0215
1661981744743651628,0.0799,-0.0204,0.0216
1661981744792747974,0.08,-0.0208,0.0217
1661981744842037677,0.0801,-0.0213,0.0218
1661981744891130208,0.0801,-0.0218,0.0219
1661981744940398454,0.0802,-0.0222,0.022
1661981744989492416,0.0803,-0.0227,0.0221
